<ca.liang.PayRollMockMarginalCollectionsTest: void testFloorCeiling()>/ca.liang.Employee.compareTo/0	<ca.liang.Employee: int compareTo(ca.liang.Employee)>	<ca.liang.PayRollMockMarginalCollectionsTest: void testFloorCeiling()>	288	<ca.liang.PayRollMockMarginalCollectionsTest: void testFloorCeiling()>/em#_284
<ca.liang.PayRollMockTest: void testMerge()>/java.lang.Object.equals/0	<java.lang.Object: boolean equals(java.lang.Object)>	<ca.liang.PayRollMockTest: void testMerge()>	59	<ca.liang.PayRollMockTest: void testMerge()>/m_$$A_2#_57
<ca.liang.PayRollMockTest: void testMerge2()>/java.lang.Object.equals/0	<java.lang.Object: boolean equals(java.lang.Object)>	<ca.liang.PayRollMockTest: void testMerge2()>	73	<ca.liang.PayRollMockTest: void testMerge2()>/m_$$A_2#_71
<ca.liang.PayRollMockTest: void testMerge3()>/java.lang.Object.equals/0	<java.lang.Object: boolean equals(java.lang.Object)>	<ca.liang.PayRollMockTest: void testMerge3()>	89	<ca.liang.PayRollMockTest: void testMerge3()>/m#_87
<ca.liang.PayRollAnnotationMockTest: void testEmployeeIsPaid()>/ca.liang.BankService.makePayment/0	<ca.liang.BankService: void makePayment(java.lang.String,int)>	<ca.liang.PayRollAnnotationMockTest: void testEmployeeIsPaid()>	80	<ca.liang.PayRollAnnotationMockTest: void testEmployeeIsPaid()>/$stack7
<ca.liang.PayRollAnnotationMockTest: void testBankService()>/ca.liang.BankService.makePayment/0	<ca.liang.BankService: void makePayment(java.lang.String,int)>	<ca.liang.PayRollAnnotationMockTest: void testBankService()>	89	<ca.liang.PayRollAnnotationMockTest: void testBankService()>/$stack1
<ca.liang.PayRollMultipleEmployeeTest: void testAllEmployeesArePaid1()>/ca.liang.BankService.makePayment/0	<ca.liang.BankService: void makePayment(java.lang.String,int)>	<ca.liang.PayRollMultipleEmployeeTest: void testAllEmployeesArePaid1()>	60	<ca.liang.PayRollMultipleEmployeeTest: void testAllEmployeesArePaid1()>/$stack8
<ca.liang.PayRollMultipleEmployeeTest: void testAllEmployeesArePaid2()>/ca.liang.BankService.makePayment/0	<ca.liang.BankService: void makePayment(java.lang.String,int)>	<ca.liang.PayRollMultipleEmployeeTest: void testAllEmployeesArePaid2()>	95	<ca.liang.PayRollMultipleEmployeeTest: void testAllEmployeesArePaid2()>/$stack24
<ca.liang.PayRollArrayMockTest: void testAllEmployeesArePaidArrayIntra()>/ca.liang.BankService.makePayment/0	<ca.liang.BankService: void makePayment(java.lang.String,int)>	<ca.liang.PayRollArrayMockTest: void testAllEmployeesArePaidArrayIntra()>	131	<ca.liang.PayRollArrayMockTest: void testAllEmployeesArePaidArrayIntra()>/$stack22
<ca.liang.PayRollArrayMockTest: void testAllEmployeesArePaidArrayInter()>/ca.liang.BankService.makePayment/0	<ca.liang.BankService: void makePayment(java.lang.String,int)>	<ca.liang.PayRollArrayMockTest: void testAllEmployeesArePaidArrayInter()>	159	<ca.liang.PayRollArrayMockTest: void testAllEmployeesArePaidArrayInter()>/$stack18
<ca.liang.PayRollMultipleEmployee2Test: void testAllEmployeesArePaid()>/ca.liang.BankService.makePayment/0	<ca.liang.BankService: void makePayment(java.lang.String,int)>	<ca.liang.PayRollMultipleEmployee2Test: void testAllEmployeesArePaid()>	59	<ca.liang.PayRollMultipleEmployee2Test: void testAllEmployeesArePaid()>/$stack8
<ca.liang.PayRollMockTest: void testEmployeeIsPaid()>/ca.liang.BankService.makePayment/0	<ca.liang.BankService: void makePayment(java.lang.String,int)>	<ca.liang.PayRollMockTest: void testEmployeeIsPaid()>	355	<ca.liang.PayRollMockTest: void testEmployeeIsPaid()>/$stack10
<ca.liang.PayRollMockTest: void testEmployeeIsPaid_singleVerify()>/ca.liang.BankService.makePayment/0	<ca.liang.BankService: void makePayment(java.lang.String,int)>	<ca.liang.PayRollMockTest: void testEmployeeIsPaid_singleVerify()>	373	<ca.liang.PayRollMockTest: void testEmployeeIsPaid_singleVerify()>/$stack9
<ca.liang.PayRollMockTest: void testInteractionOrder()>/ca.liang.BankService.makePayment/0	<ca.liang.BankService: void makePayment(java.lang.String,int)>	<ca.liang.PayRollMockTest: void testInteractionOrder()>	392	<ca.liang.PayRollMockTest: void testInteractionOrder()>/$stack18
<ca.liang.PayRollAnnotationMockTest: void init()>/ca.liang.EmployeeDB.getAllEmployees/0	<ca.liang.EmployeeDB: java.util.List getAllEmployees()>	<ca.liang.PayRollAnnotationMockTest: void init()>	42	<ca.liang.PayRollAnnotationMockTest: void init()>/$stack5
<ca.liang.DirtyTest: void init()>/ca.liang.EmployeeDB.getAllEmployees/0	<ca.liang.EmployeeDB: java.util.List getAllEmployees()>	<ca.liang.DirtyTest: void init()>	32	<ca.liang.DirtyTest: void init()>/$stack6
<ca.liang.PayRollMultipleEmployeeTest: void init()>/ca.liang.EmployeeDB.getAllEmployees/0	<ca.liang.EmployeeDB: java.util.List getAllEmployees()>	<ca.liang.PayRollMultipleEmployeeTest: void init()>	44	<ca.liang.PayRollMultipleEmployeeTest: void init()>/$stack14
<ca.liang.PayRollMultipleEmployeeTest: void testAllEmployeesArePaid1()>/ca.liang.Employee.getBankId/0	<ca.liang.Employee: java.lang.String getBankId()>	<ca.liang.PayRollMultipleEmployeeTest: void testAllEmployeesArePaid1()>	64	<ca.liang.PayRollMultipleEmployeeTest: void testAllEmployeesArePaid1()>/$stack16
<ca.liang.PayRollMultipleEmployeeTest: void testAllEmployeesArePaid1()>/ca.liang.Employee.getBankId/1	<ca.liang.Employee: java.lang.String getBankId()>	<ca.liang.PayRollMultipleEmployeeTest: void testAllEmployeesArePaid1()>	65	<ca.liang.PayRollMultipleEmployeeTest: void testAllEmployeesArePaid1()>/$stack22
<ca.liang.PayRollMultipleEmployeeTest: void testAllEmployeesArePaid1()>/ca.liang.Employee.getSalary/0	<ca.liang.Employee: int getSalary()>	<ca.liang.PayRollMultipleEmployeeTest: void testAllEmployeesArePaid1()>	66	<ca.liang.PayRollMultipleEmployeeTest: void testAllEmployeesArePaid1()>/$stack28
<ca.liang.PayRollMultipleEmployeeTest: void testAllEmployeesArePaid1()>/ca.liang.Employee.getSalary/1	<ca.liang.Employee: int getSalary()>	<ca.liang.PayRollMultipleEmployeeTest: void testAllEmployeesArePaid1()>	67	<ca.liang.PayRollMultipleEmployeeTest: void testAllEmployeesArePaid1()>/$stack38
<ca.liang.PayRollMultipleEmployeeTest: void testAllEmployeesArePaid2()>/ca.liang.EmployeeDB.getAllEmployees/0	<ca.liang.EmployeeDB: java.util.List getAllEmployees()>	<ca.liang.PayRollMultipleEmployeeTest: void testAllEmployeesArePaid2()>	85	<ca.liang.PayRollMultipleEmployeeTest: void testAllEmployeesArePaid2()>/$stack11
<ca.liang.PayRollMultipleEmployeeTest: void testAllEmployeesArePaid2()>/ca.liang.Employee.getBankId/0	<ca.liang.Employee: java.lang.String getBankId()>	<ca.liang.PayRollMultipleEmployeeTest: void testAllEmployeesArePaid2()>	98	<ca.liang.PayRollMultipleEmployeeTest: void testAllEmployeesArePaid2()>/$stack32
<ca.liang.PayRollMultipleEmployeeTest: void testAllEmployeesArePaid2()>/ca.liang.Employee.getBankId/1	<ca.liang.Employee: java.lang.String getBankId()>	<ca.liang.PayRollMultipleEmployeeTest: void testAllEmployeesArePaid2()>	99	<ca.liang.PayRollMultipleEmployeeTest: void testAllEmployeesArePaid2()>/$stack38
<ca.liang.PayRollMultipleEmployeeTest: void testAllEmployeesArePaid2()>/ca.liang.Employee.getSalary/0	<ca.liang.Employee: int getSalary()>	<ca.liang.PayRollMultipleEmployeeTest: void testAllEmployeesArePaid2()>	100	<ca.liang.PayRollMultipleEmployeeTest: void testAllEmployeesArePaid2()>/$stack44
<ca.liang.PayRollMultipleEmployeeTest: void testAllEmployeesArePaid2()>/ca.liang.Employee.getSalary/1	<ca.liang.Employee: int getSalary()>	<ca.liang.PayRollMultipleEmployeeTest: void testAllEmployeesArePaid2()>	101	<ca.liang.PayRollMultipleEmployeeTest: void testAllEmployeesArePaid2()>/$stack54
<ca.liang.PayRollArrayMockTest: void init()>/ca.liang.EmployeeDB.getAllEmployees/0	<ca.liang.EmployeeDB: java.util.List getAllEmployees()>	<ca.liang.PayRollArrayMockTest: void init()>	42	<ca.liang.PayRollArrayMockTest: void init()>/$stack10
<ca.liang.PayRollArrayMockTest: void testSingleEmployeeFieldArrayMock()>/ca.liang.Employee.getName/0	<ca.liang.Employee: java.lang.String getName()>	<ca.liang.PayRollArrayMockTest: void testSingleEmployeeFieldArrayMock()>	82	<ca.liang.PayRollArrayMockTest: void testSingleEmployeeFieldArrayMock()>/ee#_80
<ca.liang.PayRollArrayMockTest: void testSingleEmployeeFieldArrayMock()>/ca.liang.Employee.getName/1	<ca.liang.Employee: java.lang.String getName()>	<ca.liang.PayRollArrayMockTest: void testSingleEmployeeFieldArrayMock()>	84	<ca.liang.PayRollArrayMockTest: void testSingleEmployeeFieldArrayMock()>/ee#_80
<ca.liang.PayRollArrayMockTest: void testSingleEmployeeLocalArrayMock()>/ca.liang.Employee.getName/0	<ca.liang.Employee: java.lang.String getName()>	<ca.liang.PayRollArrayMockTest: void testSingleEmployeeLocalArrayMock()>	99	<ca.liang.PayRollArrayMockTest: void testSingleEmployeeLocalArrayMock()>/e#_97
<ca.liang.PayRollArrayMockTest: void testSingleEmployeeLocalArrayMock()>/ca.liang.Employee.getName/1	<ca.liang.Employee: java.lang.String getName()>	<ca.liang.PayRollArrayMockTest: void testSingleEmployeeLocalArrayMock()>	104	<ca.liang.PayRollArrayMockTest: void testSingleEmployeeLocalArrayMock()>/ee#_102
<ca.liang.PayRollArrayMockTest: void testAllEmployeesArePaidArrayIntra()>/ca.liang.EmployeeDB.getAllEmployees/0	<ca.liang.EmployeeDB: java.util.List getAllEmployees()>	<ca.liang.PayRollArrayMockTest: void testAllEmployeesArePaidArrayIntra()>	121	<ca.liang.PayRollArrayMockTest: void testAllEmployeesArePaidArrayIntra()>/employeeDB_intra#_117
<ca.liang.PayRollArrayMockTest: void testAllEmployeesArePaidArrayIntra()>/ca.liang.Employee.getBankId/0	<ca.liang.Employee: java.lang.String getBankId()>	<ca.liang.PayRollArrayMockTest: void testAllEmployeesArePaidArrayIntra()>	134	<ca.liang.PayRollArrayMockTest: void testAllEmployeesArePaidArrayIntra()>/$stack28
<ca.liang.PayRollArrayMockTest: void testAllEmployeesArePaidArrayIntra()>/ca.liang.Employee.getBankId/1	<ca.liang.Employee: java.lang.String getBankId()>	<ca.liang.PayRollArrayMockTest: void testAllEmployeesArePaidArrayIntra()>	135	<ca.liang.PayRollArrayMockTest: void testAllEmployeesArePaidArrayIntra()>/$stack32
<ca.liang.PayRollArrayMockTest: void testAllEmployeesArePaidArrayIntra()>/ca.liang.Employee.getSalary/0	<ca.liang.Employee: int getSalary()>	<ca.liang.PayRollArrayMockTest: void testAllEmployeesArePaidArrayIntra()>	136	<ca.liang.PayRollArrayMockTest: void testAllEmployeesArePaidArrayIntra()>/$stack36
<ca.liang.PayRollArrayMockTest: void testAllEmployeesArePaidArrayIntra()>/ca.liang.Employee.getSalary/1	<ca.liang.Employee: int getSalary()>	<ca.liang.PayRollArrayMockTest: void testAllEmployeesArePaidArrayIntra()>	137	<ca.liang.PayRollArrayMockTest: void testAllEmployeesArePaidArrayIntra()>/$stack44
<ca.liang.PayRollArrayMockTest: void testAllEmployeesArePaidArrayInter()>/ca.liang.EmployeeDB.getAllEmployees/0	<ca.liang.EmployeeDB: java.util.List getAllEmployees()>	<ca.liang.PayRollArrayMockTest: void testAllEmployeesArePaidArrayInter()>	149	<ca.liang.PayRollArrayMockTest: void testAllEmployeesArePaidArrayInter()>/$stack5
<ca.liang.PayRollMultipleEmployee2Test: void init()>/ca.liang.EmployeeDB.getAllEmployees/0	<ca.liang.EmployeeDB: java.util.List getAllEmployees()>	<ca.liang.PayRollMultipleEmployee2Test: void init()>	43	<ca.liang.PayRollMultipleEmployee2Test: void init()>/$stack14
<ca.liang.PayRollMultipleEmployee2Test: void testAllEmployeesArePaid()>/ca.liang.Employee.getBankId/0	<ca.liang.Employee: java.lang.String getBankId()>	<ca.liang.PayRollMultipleEmployee2Test: void testAllEmployeesArePaid()>	62	<ca.liang.PayRollMultipleEmployee2Test: void testAllEmployeesArePaid()>/$stack16
<ca.liang.PayRollMultipleEmployee2Test: void testAllEmployeesArePaid()>/ca.liang.Employee.getBankId/1	<ca.liang.Employee: java.lang.String getBankId()>	<ca.liang.PayRollMultipleEmployee2Test: void testAllEmployeesArePaid()>	63	<ca.liang.PayRollMultipleEmployee2Test: void testAllEmployeesArePaid()>/$stack22
<ca.liang.PayRollMultipleEmployee2Test: void testAllEmployeesArePaid()>/ca.liang.Employee.getSalary/0	<ca.liang.Employee: int getSalary()>	<ca.liang.PayRollMultipleEmployee2Test: void testAllEmployeesArePaid()>	64	<ca.liang.PayRollMultipleEmployee2Test: void testAllEmployeesArePaid()>/$stack28
<ca.liang.PayRollMultipleEmployee2Test: void testAllEmployeesArePaid()>/ca.liang.Employee.getSalary/1	<ca.liang.Employee: int getSalary()>	<ca.liang.PayRollMultipleEmployee2Test: void testAllEmployeesArePaid()>	65	<ca.liang.PayRollMultipleEmployee2Test: void testAllEmployeesArePaid()>/$stack38
<ca.liang.PayRollMockMarginalCollectionsTest: void init()>/ca.liang.Employee.getName/0	<ca.liang.Employee: java.lang.String getName()>	<ca.liang.PayRollMockMarginalCollectionsTest: void init()>	61	<ca.liang.PayRollMockMarginalCollectionsTest: void init()>/e#_59
<ca.liang.PayRollMockMarginalCollectionsTest: void init()>/ca.liang.Employee.getSalary/0	<ca.liang.Employee: int getSalary()>	<ca.liang.PayRollMockMarginalCollectionsTest: void init()>	63	<ca.liang.PayRollMockMarginalCollectionsTest: void init()>/e#_59
<ca.liang.PayRollMockMarginalCollectionsTest: void init()>/ca.liang.Employee.getName/1	<ca.liang.Employee: java.lang.String getName()>	<ca.liang.PayRollMockMarginalCollectionsTest: void init()>	85	<ca.liang.PayRollMockMarginalCollectionsTest: void init()>/e#_59
<ca.liang.PayRollMockMarginalCollectionsTest: void init()>/ca.liang.Employee.getName/2	<ca.liang.Employee: java.lang.String getName()>	<ca.liang.PayRollMockMarginalCollectionsTest: void init()>	86	<ca.liang.PayRollMockMarginalCollectionsTest: void init()>/e#_59
<ca.liang.PayRollMockMarginalCollectionsTest: void init()>/ca.liang.Employee.getName/3	<ca.liang.Employee: java.lang.String getName()>	<ca.liang.PayRollMockMarginalCollectionsTest: void init()>	87	<ca.liang.PayRollMockMarginalCollectionsTest: void init()>/e#_59
<ca.liang.PayRollMockMarginalCollectionsTest: void init()>/ca.liang.Employee.getName/4	<ca.liang.Employee: java.lang.String getName()>	<ca.liang.PayRollMockMarginalCollectionsTest: void init()>	88	<ca.liang.PayRollMockMarginalCollectionsTest: void init()>/e#_59
<ca.liang.PayRollMockMarginalCollectionsTest: void init()>/ca.liang.Employee.getName/5	<ca.liang.Employee: java.lang.String getName()>	<ca.liang.PayRollMockMarginalCollectionsTest: void init()>	89	<ca.liang.PayRollMockMarginalCollectionsTest: void init()>/e#_59
<ca.liang.PayRollMockMarginalCollectionsTest: void init()>/ca.liang.Employee.getName/6	<ca.liang.Employee: java.lang.String getName()>	<ca.liang.PayRollMockMarginalCollectionsTest: void init()>	94	<ca.liang.PayRollMockMarginalCollectionsTest: void init()>/ee#_92
<ca.liang.PayRollMockMarginalCollectionsTest: void init()>/ca.liang.Employee.getName/7	<ca.liang.Employee: java.lang.String getName()>	<ca.liang.PayRollMockMarginalCollectionsTest: void init()>	101	<ca.liang.PayRollMockMarginalCollectionsTest: void init()>/eee#_99
<ca.liang.PayRollMockMarginalCollectionsTest: void init()>/ca.liang.Employee.getName/8	<ca.liang.Employee: java.lang.String getName()>	<ca.liang.PayRollMockMarginalCollectionsTest: void init()>	108	<ca.liang.PayRollMockMarginalCollectionsTest: void init()>/ee3#_106
<ca.liang.PayRollMockMarginalCollectionsTest: void init()>/ca.liang.Employee.getName/9	<ca.liang.Employee: java.lang.String getName()>	<ca.liang.PayRollMockMarginalCollectionsTest: void init()>	115	<ca.liang.PayRollMockMarginalCollectionsTest: void init()>/ee4#_113
<ca.liang.PayRollMockMarginalCollectionsTest: void test0()>/ca.liang.Employee.getName/0	<ca.liang.Employee: java.lang.String getName()>	<ca.liang.PayRollMockMarginalCollectionsTest: void test0()>	127	<ca.liang.PayRollMockMarginalCollectionsTest: void test0()>/e#_125
<ca.liang.PayRollMockMarginalCollectionsTest: void test1()>/ca.liang.Employee.getName/0	<ca.liang.Employee: java.lang.String getName()>	<ca.liang.PayRollMockMarginalCollectionsTest: void test1()>	135	<ca.liang.PayRollMockMarginalCollectionsTest: void test1()>/e#_133
<ca.liang.PayRollMockMarginalCollectionsTest: void test2()>/ca.liang.Employee.getName/0	<ca.liang.Employee: java.lang.String getName()>	<ca.liang.PayRollMockMarginalCollectionsTest: void test2()>	143	<ca.liang.PayRollMockMarginalCollectionsTest: void test2()>/e#_141
<ca.liang.PayRollMockMarginalCollectionsTest: void test3()>/ca.liang.Employee.getName/0	<ca.liang.Employee: java.lang.String getName()>	<ca.liang.PayRollMockMarginalCollectionsTest: void test3()>	151	<ca.liang.PayRollMockMarginalCollectionsTest: void test3()>/e#_149
<ca.liang.PayRollMockMarginalCollectionsTest: void test4()>/ca.liang.Employee.getName/0	<ca.liang.Employee: java.lang.String getName()>	<ca.liang.PayRollMockMarginalCollectionsTest: void test4()>	159	<ca.liang.PayRollMockMarginalCollectionsTest: void test4()>/e#_157
<ca.liang.PayRollMockMarginalCollectionsTest: void test5()>/ca.liang.Employee.getName/0	<ca.liang.Employee: java.lang.String getName()>	<ca.liang.PayRollMockMarginalCollectionsTest: void test5()>	167	<ca.liang.PayRollMockMarginalCollectionsTest: void test5()>/e#_165
<ca.liang.PayRollMockMarginalCollectionsTest: void test6()>/ca.liang.Employee.getName/0	<ca.liang.Employee: java.lang.String getName()>	<ca.liang.PayRollMockMarginalCollectionsTest: void test6()>	175	<ca.liang.PayRollMockMarginalCollectionsTest: void test6()>/e#_173
<ca.liang.PayRollMockMarginalCollectionsTest: void testPQ1()>/ca.liang.Employee.getName/0	<ca.liang.Employee: java.lang.String getName()>	<ca.liang.PayRollMockMarginalCollectionsTest: void testPQ1()>	183	<ca.liang.PayRollMockMarginalCollectionsTest: void testPQ1()>/e#_181
<ca.liang.PayRollMockMarginalCollectionsTest: void testPQ2()>/ca.liang.Employee.getName/0	<ca.liang.Employee: java.lang.String getName()>	<ca.liang.PayRollMockMarginalCollectionsTest: void testPQ2()>	191	<ca.liang.PayRollMockMarginalCollectionsTest: void testPQ2()>/e#_189
<ca.liang.PayRollMockMarginalCollectionsTest: void testPQ3()>/ca.liang.Employee.getName/0	<ca.liang.Employee: java.lang.String getName()>	<ca.liang.PayRollMockMarginalCollectionsTest: void testPQ3()>	199	<ca.liang.PayRollMockMarginalCollectionsTest: void testPQ3()>/e#_197
<ca.liang.PayRollMockMarginalCollectionsTest: void testPQ4()>/ca.liang.Employee.getName/0	<ca.liang.Employee: java.lang.String getName()>	<ca.liang.PayRollMockMarginalCollectionsTest: void testPQ4()>	207	<ca.liang.PayRollMockMarginalCollectionsTest: void testPQ4()>/e#_205
<ca.liang.PayRollMockMarginalCollectionsTest: void testTS()>/ca.liang.Employee.getName/0	<ca.liang.Employee: java.lang.String getName()>	<ca.liang.PayRollMockMarginalCollectionsTest: void testTS()>	215	<ca.liang.PayRollMockMarginalCollectionsTest: void testTS()>/e#_213
<ca.liang.PayRollMockMarginalCollectionsTest: void testTS1()>/ca.liang.Employee.getName/0	<ca.liang.Employee: java.lang.String getName()>	<ca.liang.PayRollMockMarginalCollectionsTest: void testTS1()>	223	<ca.liang.PayRollMockMarginalCollectionsTest: void testTS1()>/e#_221
<ca.liang.PayRollMockMarginalCollectionsTest: void testDQ()>/ca.liang.Employee.getName/0	<ca.liang.Employee: java.lang.String getName()>	<ca.liang.PayRollMockMarginalCollectionsTest: void testDQ()>	231	<ca.liang.PayRollMockMarginalCollectionsTest: void testDQ()>/e2#_229
<ca.liang.PayRollMockMarginalCollectionsTest: void testDQ()>/ca.liang.Employee.getName/1	<ca.liang.Employee: java.lang.String getName()>	<ca.liang.PayRollMockMarginalCollectionsTest: void testDQ()>	235	<ca.liang.PayRollMockMarginalCollectionsTest: void testDQ()>/e3#_233
<ca.liang.PayRollMockMarginalCollectionsTest: void testDQ()>/ca.liang.Employee.getName/2	<ca.liang.Employee: java.lang.String getName()>	<ca.liang.PayRollMockMarginalCollectionsTest: void testDQ()>	239	<ca.liang.PayRollMockMarginalCollectionsTest: void testDQ()>/e4#_237
<ca.liang.PayRollMockMarginalCollectionsTest: void testDQ()>/ca.liang.Employee.getName/3	<ca.liang.Employee: java.lang.String getName()>	<ca.liang.PayRollMockMarginalCollectionsTest: void testDQ()>	243	<ca.liang.PayRollMockMarginalCollectionsTest: void testDQ()>/e5#_241
<ca.liang.PayRollMockMarginalCollectionsTest: void testDQ()>/ca.liang.Employee.getName/4	<ca.liang.Employee: java.lang.String getName()>	<ca.liang.PayRollMockMarginalCollectionsTest: void testDQ()>	247	<ca.liang.PayRollMockMarginalCollectionsTest: void testDQ()>/ee3#_245
<ca.liang.PayRollMockMarginalCollectionsTest: void testDQ()>/ca.liang.Employee.getName/5	<ca.liang.Employee: java.lang.String getName()>	<ca.liang.PayRollMockMarginalCollectionsTest: void testDQ()>	251	<ca.liang.PayRollMockMarginalCollectionsTest: void testDQ()>/e#_249
<ca.liang.PayRollMockMarginalCollectionsTest: void testDQ()>/ca.liang.Employee.getName/6	<ca.liang.Employee: java.lang.String getName()>	<ca.liang.PayRollMockMarginalCollectionsTest: void testDQ()>	255	<ca.liang.PayRollMockMarginalCollectionsTest: void testDQ()>/e1#_253
<ca.liang.PayRollMockMarginalCollectionsTest: void testDQ()>/ca.liang.Employee.getName/7	<ca.liang.Employee: java.lang.String getName()>	<ca.liang.PayRollMockMarginalCollectionsTest: void testDQ()>	259	<ca.liang.PayRollMockMarginalCollectionsTest: void testDQ()>/ee4#_257
<ca.liang.PayRollMockMarginalCollectionsTest: void testDQ()>/ca.liang.Employee.getName/8	<ca.liang.Employee: java.lang.String getName()>	<ca.liang.PayRollMockMarginalCollectionsTest: void testDQ()>	263	<ca.liang.PayRollMockMarginalCollectionsTest: void testDQ()>/ee5#_261
<ca.liang.PayRollMockMarginalCollectionsTest: void testDescendingSet()>/ca.liang.Employee.getName/0	<ca.liang.Employee: java.lang.String getName()>	<ca.liang.PayRollMockMarginalCollectionsTest: void testDescendingSet()>	273	<ca.liang.PayRollMockMarginalCollectionsTest: void testDescendingSet()>/e#_271
<ca.liang.PayRollMockMarginalCollectionsTest: void testFloorCeiling()>/ca.liang.Employee.getSalary/0	<ca.liang.Employee: int getSalary()>	<ca.liang.PayRollMockMarginalCollectionsTest: void testFloorCeiling()>	286	<ca.liang.PayRollMockMarginalCollectionsTest: void testFloorCeiling()>/em#_284
<ca.liang.PayRollMockMarginalCollectionsTest: void testFloorCeiling()>/ca.liang.Employee.getName/0	<ca.liang.Employee: java.lang.String getName()>	<ca.liang.PayRollMockMarginalCollectionsTest: void testFloorCeiling()>	287	<ca.liang.PayRollMockMarginalCollectionsTest: void testFloorCeiling()>/em#_284
<ca.liang.PayRollMockMarginalCollectionsTest: void testFloorCeiling()>/ca.liang.Employee.getName/1	<ca.liang.Employee: java.lang.String getName()>	<ca.liang.PayRollMockMarginalCollectionsTest: void testFloorCeiling()>	293	<ca.liang.PayRollMockMarginalCollectionsTest: void testFloorCeiling()>/e2#_291
<ca.liang.PayRollMockMarginalCollectionsTest: void testFloorCeiling()>/ca.liang.Employee.getName/2	<ca.liang.Employee: java.lang.String getName()>	<ca.liang.PayRollMockMarginalCollectionsTest: void testFloorCeiling()>	297	<ca.liang.PayRollMockMarginalCollectionsTest: void testFloorCeiling()>/e2#_291
<ca.liang.PayRollMockMarginalCollectionsTest: void testHigherLower()>/ca.liang.Employee.getSalary/0	<ca.liang.Employee: int getSalary()>	<ca.liang.PayRollMockMarginalCollectionsTest: void testHigherLower()>	310	<ca.liang.PayRollMockMarginalCollectionsTest: void testHigherLower()>/em#_308
<ca.liang.PayRollMockMarginalCollectionsTest: void testHigherLower()>/ca.liang.Employee.getName/0	<ca.liang.Employee: java.lang.String getName()>	<ca.liang.PayRollMockMarginalCollectionsTest: void testHigherLower()>	311	<ca.liang.PayRollMockMarginalCollectionsTest: void testHigherLower()>/em#_308
<ca.liang.PayRollMockMarginalCollectionsTest: void testHigherLower()>/ca.liang.Employee.getName/1	<ca.liang.Employee: java.lang.String getName()>	<ca.liang.PayRollMockMarginalCollectionsTest: void testHigherLower()>	316	<ca.liang.PayRollMockMarginalCollectionsTest: void testHigherLower()>/e2#_314
<ca.liang.PayRollMockMarginalCollectionsTest: void testHigherLower()>/ca.liang.Employee.getName/2	<ca.liang.Employee: java.lang.String getName()>	<ca.liang.PayRollMockMarginalCollectionsTest: void testHigherLower()>	320	<ca.liang.PayRollMockMarginalCollectionsTest: void testHigherLower()>/e2#_314
<ca.liang.PayRollMockMarginalCollectionsTest: void testHeadSet()>/ca.liang.Employee.getSalary/0	<ca.liang.Employee: int getSalary()>	<ca.liang.PayRollMockMarginalCollectionsTest: void testHeadSet()>	333	<ca.liang.PayRollMockMarginalCollectionsTest: void testHeadSet()>/em#_331
<ca.liang.PayRollMockMarginalCollectionsTest: void testHeadSet()>/ca.liang.Employee.getName/0	<ca.liang.Employee: java.lang.String getName()>	<ca.liang.PayRollMockMarginalCollectionsTest: void testHeadSet()>	334	<ca.liang.PayRollMockMarginalCollectionsTest: void testHeadSet()>/em#_331
<ca.liang.PayRollMockMarginalCollectionsTest: void testHeadSet()>/ca.liang.Employee.getName/1	<ca.liang.Employee: java.lang.String getName()>	<ca.liang.PayRollMockMarginalCollectionsTest: void testHeadSet()>	340	<ca.liang.PayRollMockMarginalCollectionsTest: void testHeadSet()>/$stack23
<ca.liang.PayRollMockMarginalCollectionsTest: void testHeadSet()>/ca.liang.Employee.getName/2	<ca.liang.Employee: java.lang.String getName()>	<ca.liang.PayRollMockMarginalCollectionsTest: void testHeadSet()>	344	<ca.liang.PayRollMockMarginalCollectionsTest: void testHeadSet()>/$stack27
<ca.liang.PayRollMockMarginalCollectionsTest: void testTailSet()>/ca.liang.Employee.getSalary/0	<ca.liang.Employee: int getSalary()>	<ca.liang.PayRollMockMarginalCollectionsTest: void testTailSet()>	357	<ca.liang.PayRollMockMarginalCollectionsTest: void testTailSet()>/em#_355
<ca.liang.PayRollMockMarginalCollectionsTest: void testTailSet()>/ca.liang.Employee.getName/0	<ca.liang.Employee: java.lang.String getName()>	<ca.liang.PayRollMockMarginalCollectionsTest: void testTailSet()>	358	<ca.liang.PayRollMockMarginalCollectionsTest: void testTailSet()>/em#_355
<ca.liang.PayRollMockMarginalCollectionsTest: void testTailSet()>/ca.liang.Employee.getName/1	<ca.liang.Employee: java.lang.String getName()>	<ca.liang.PayRollMockMarginalCollectionsTest: void testTailSet()>	364	<ca.liang.PayRollMockMarginalCollectionsTest: void testTailSet()>/$stack23
<ca.liang.PayRollMockMarginalCollectionsTest: void testTailSet()>/ca.liang.Employee.getName/2	<ca.liang.Employee: java.lang.String getName()>	<ca.liang.PayRollMockMarginalCollectionsTest: void testTailSet()>	368	<ca.liang.PayRollMockMarginalCollectionsTest: void testTailSet()>/$stack27
<ca.liang.PayRollMockMarginalCollectionsTest: void testSubSet()>/ca.liang.Employee.getSalary/0	<ca.liang.Employee: int getSalary()>	<ca.liang.PayRollMockMarginalCollectionsTest: void testSubSet()>	381	<ca.liang.PayRollMockMarginalCollectionsTest: void testSubSet()>/em#_379
<ca.liang.PayRollMockMarginalCollectionsTest: void testSubSet()>/ca.liang.Employee.getName/0	<ca.liang.Employee: java.lang.String getName()>	<ca.liang.PayRollMockMarginalCollectionsTest: void testSubSet()>	382	<ca.liang.PayRollMockMarginalCollectionsTest: void testSubSet()>/em#_379
<ca.liang.PayRollMockTest: void init()>/ca.liang.EmployeeDB.getAllEmployees/0	<ca.liang.EmployeeDB: java.util.List getAllEmployees()>	<ca.liang.PayRollMockTest: void init()>	43	<ca.liang.PayRollMockTest: void init()>/$stack7
<ca.liang.PayRollMockTest: void testNoEmployeesIntra()>/ca.liang.EmployeeDB.getAllEmployees/0	<ca.liang.EmployeeDB: java.util.List getAllEmployees()>	<ca.liang.PayRollMockTest: void testNoEmployeesIntra()>	111	<ca.liang.PayRollMockTest: void testNoEmployeesIntra()>/employeeDB_intra#_107
<ca.liang.PayRollMockTest: void testAddAll()>/ca.liang.Employee.getName/0	<ca.liang.Employee: java.lang.String getName()>	<ca.liang.PayRollMockTest: void testAddAll()>	147	<ca.liang.PayRollMockTest: void testAddAll()>/e#_145
<ca.liang.PayRollMockTest: void testAddAll()>/ca.liang.Employee.getName/1	<ca.liang.Employee: java.lang.String getName()>	<ca.liang.PayRollMockTest: void testAddAll()>	149	<ca.liang.PayRollMockTest: void testAddAll()>/e#_145
<ca.liang.PayRollMockTest: void testAddAll()>/ca.liang.Employee.getName/2	<ca.liang.Employee: java.lang.String getName()>	<ca.liang.PayRollMockTest: void testAddAll()>	156	<ca.liang.PayRollMockTest: void testAddAll()>/e1#_154
<ca.liang.PayRollMockTest: void testAddAll()>/ca.liang.Employee.getName/3	<ca.liang.Employee: java.lang.String getName()>	<ca.liang.PayRollMockTest: void testAddAll()>	160	<ca.liang.PayRollMockTest: void testAddAll()>/e2#_158
<ca.liang.PayRollMockTest: void testIteration()>/ca.liang.Employee.getName/0	<ca.liang.Employee: java.lang.String getName()>	<ca.liang.PayRollMockTest: void testIteration()>	173	<ca.liang.PayRollMockTest: void testIteration()>/e#_171
<ca.liang.PayRollMockTest: void testIteration()>/ca.liang.Employee.getName/1	<ca.liang.Employee: java.lang.String getName()>	<ca.liang.PayRollMockTest: void testIteration()>	175	<ca.liang.PayRollMockTest: void testIteration()>/e#_171
<ca.liang.PayRollMockTest: void testIteration()>/ca.liang.Employee.getName/2	<ca.liang.Employee: java.lang.String getName()>	<ca.liang.PayRollMockTest: void testIteration()>	181	<ca.liang.PayRollMockTest: void testIteration()>/ee_$$A_1_$$A_1#_179
<ca.liang.PayRollMockTest: void testIteration()>/ca.liang.Employee.getName/3	<ca.liang.Employee: java.lang.String getName()>	<ca.liang.PayRollMockTest: void testIteration()>	187	<ca.liang.PayRollMockTest: void testIteration()>/ee_$$A_3#_185
<ca.liang.PayRollMockTest: void testIteration()>/ca.liang.Employee.getName/4	<ca.liang.Employee: java.lang.String getName()>	<ca.liang.PayRollMockTest: void testIteration()>	195	<ca.liang.PayRollMockTest: void testIteration()>/ee_$$A_5#_193
<ca.liang.PayRollMockTest: void testVector()>/ca.liang.Employee.getName/0	<ca.liang.Employee: java.lang.String getName()>	<ca.liang.PayRollMockTest: void testVector()>	207	<ca.liang.PayRollMockTest: void testVector()>/e0#_205
<ca.liang.PayRollMockTest: void testVector()>/ca.liang.Employee.getName/1	<ca.liang.Employee: java.lang.String getName()>	<ca.liang.PayRollMockTest: void testVector()>	209	<ca.liang.PayRollMockTest: void testVector()>/e0#_205
<ca.liang.PayRollMockTest: void testVector()>/ca.liang.Employee.getName/2	<ca.liang.Employee: java.lang.String getName()>	<ca.liang.PayRollMockTest: void testVector()>	214	<ca.liang.PayRollMockTest: void testVector()>/ee#_212
<ca.liang.PayRollMockTest: void testVector2()>/ca.liang.Employee.getName/0	<ca.liang.Employee: java.lang.String getName()>	<ca.liang.PayRollMockTest: void testVector2()>	225	<ca.liang.PayRollMockTest: void testVector2()>/e#_223
<ca.liang.PayRollMockTest: void testVector2()>/ca.liang.Employee.getName/1	<ca.liang.Employee: java.lang.String getName()>	<ca.liang.PayRollMockTest: void testVector2()>	236	<ca.liang.PayRollMockTest: void testVector2()>/ee_$$A_1#_234
<ca.liang.PayRollMockTest: void testVector2()>/ca.liang.Employee.getName/2	<ca.liang.Employee: java.lang.String getName()>	<ca.liang.PayRollMockTest: void testVector2()>	240	<ca.liang.PayRollMockTest: void testVector2()>/ee_$$A_2#_238
<ca.liang.PayRollMockTest: void testVector2()>/ca.liang.Employee.getName/3	<ca.liang.Employee: java.lang.String getName()>	<ca.liang.PayRollMockTest: void testVector2()>	243	<ca.liang.PayRollMockTest: void testVector2()>/ef#_241
<ca.liang.PayRollMockTest: void testVector2()>/ca.liang.Employee.getName/4	<ca.liang.Employee: java.lang.String getName()>	<ca.liang.PayRollMockTest: void testVector2()>	246	<ca.liang.PayRollMockTest: void testVector2()>/eg#_244
<ca.liang.PayRollMockTest: void testVectorToArray()>/ca.liang.Employee.getName/0	<ca.liang.Employee: java.lang.String getName()>	<ca.liang.PayRollMockTest: void testVectorToArray()>	256	<ca.liang.PayRollMockTest: void testVectorToArray()>/e#_254
<ca.liang.PayRollMockTest: void testVectorToArray()>/ca.liang.Employee.getName/1	<ca.liang.Employee: java.lang.String getName()>	<ca.liang.PayRollMockTest: void testVectorToArray()>	264	<ca.liang.PayRollMockTest: void testVectorToArray()>/ef#_262
<ca.liang.PayRollMockTest: void testVectorToArray()>/ca.liang.Employee.getName/2	<ca.liang.Employee: java.lang.String getName()>	<ca.liang.PayRollMockTest: void testVectorToArray()>	269	<ca.liang.PayRollMockTest: void testVectorToArray()>/eg#_267
<ca.liang.PayRollMockTest: void testArrayToVector()>/ca.liang.Employee.getName/0	<ca.liang.Employee: java.lang.String getName()>	<ca.liang.PayRollMockTest: void testArrayToVector()>	279	<ca.liang.PayRollMockTest: void testArrayToVector()>/e#_277
<ca.liang.PayRollMockTest: void testArrayToVector()>/ca.liang.Employee.getName/1	<ca.liang.Employee: java.lang.String getName()>	<ca.liang.PayRollMockTest: void testArrayToVector()>	289	<ca.liang.PayRollMockTest: void testArrayToVector()>/ef#_287
<ca.liang.PayRollMockTest: ca.liang.Employee createMockEmployee()>/ca.liang.Employee.getName/0	<ca.liang.Employee: java.lang.String getName()>	<ca.liang.PayRollMockTest: ca.liang.Employee createMockEmployee()>	410	<ca.liang.PayRollMockTest: ca.liang.Employee createMockEmployee()>/e#_409
<ca.liang.PayRollMockTest: ca.liang.Employee createMockEmployee()>/ca.liang.Employee.getBankId/0	<ca.liang.Employee: java.lang.String getBankId()>	<ca.liang.PayRollMockTest: ca.liang.Employee createMockEmployee()>	411	<ca.liang.PayRollMockTest: ca.liang.Employee createMockEmployee()>/e#_409
<ca.liang.PayRollMockTest: ca.liang.Employee createMockEmployee()>/ca.liang.Employee.getSalary/0	<ca.liang.Employee: int getSalary()>	<ca.liang.PayRollMockTest: ca.liang.Employee createMockEmployee()>	412	<ca.liang.PayRollMockTest: ca.liang.Employee createMockEmployee()>/e#_409
<ca.liang.PayRollArrayNoMockTest: void init()>/ca.liang.EmployeeDB.getAllEmployees/0	<ca.liang.EmployeeDB: java.util.List getAllEmployees()>	<ca.liang.PayRollArrayNoMockTest: void init()>	33	<ca.liang.PayRollArrayNoMockTest: void init()>/$stack6
<ca.liang.PayRollMockMarginalCollectionsTest: void testSubSet()>/ca.liang.Employee.getName/1	<ca.liang.Employee: java.lang.String getName()>	<ca.liang.PayRollMockMarginalCollectionsTest: void testSubSet()>	389	<ca.liang.PayRollMockMarginalCollectionsTest: void testSubSet()>/$stack24
<ca.liang.PayRollMockMarginalCollectionsTest: void testSubSet()>/ca.liang.Employee.getName/2	<ca.liang.Employee: java.lang.String getName()>	<ca.liang.PayRollMockMarginalCollectionsTest: void testSubSet()>	393	<ca.liang.PayRollMockMarginalCollectionsTest: void testSubSet()>/$stack28
<ca.liang.PayRollMockTest: void testInteractionOrder()>/ca.liang.EmployeeDB.getAllEmployees/0	<ca.liang.EmployeeDB: java.util.List getAllEmployees()>	<ca.liang.PayRollMockTest: void testInteractionOrder()>	391	<ca.liang.PayRollMockTest: void testInteractionOrder()>/$stack14
