<io.bootique.RuntimeModuleMergerTest: void testGetModules_One()>/$stack4	<io.bootique.RuntimeModuleMergerTest: void testGetModules_One()>
<io.bootique.RuntimeModuleMergerTest: void testGetModules_Two()>/$stack4	<io.bootique.RuntimeModuleMergerTest: void testGetModules_Two()>
<io.bootique.RuntimeModuleMergerTest: void testGetModules_Two()>/$stack8	<io.bootique.RuntimeModuleMergerTest: void testGetModules_Two()>
<io.bootique.RuntimeModuleMergerTest: void testGetModules_Three_Dupes()>/$stack4	<io.bootique.RuntimeModuleMergerTest: void testGetModules_Three_Dupes()>
<io.bootique.RuntimeModuleMergerTest: void testGetModules_Three_Dupes()>/$stack8	<io.bootique.RuntimeModuleMergerTest: void testGetModules_Three_Dupes()>
<io.bootique.RuntimeModuleMergerTest: void testGetModules_Three_Dupes()>/$stack12	<io.bootique.RuntimeModuleMergerTest: void testGetModules_Three_Dupes()>
<io.bootique.RuntimeModuleMergerTest: void testGetModules_Overrides()>/$stack4	<io.bootique.RuntimeModuleMergerTest: void testGetModules_Overrides()>
<io.bootique.RuntimeModuleMergerTest: void testGetModules_Overrides()>/$stack12	<io.bootique.RuntimeModuleMergerTest: void testGetModules_Overrides()>
<io.bootique.RuntimeModuleMergerTest: void testGetModules_Overrides()>/$stack16	<io.bootique.RuntimeModuleMergerTest: void testGetModules_Overrides()>
<io.bootique.RuntimeModuleMergerTest: void testGetModules_Overrides_Chain()>/$stack4	<io.bootique.RuntimeModuleMergerTest: void testGetModules_Overrides_Chain()>
<io.bootique.RuntimeModuleMergerTest: void testGetModules_Overrides_Chain()>/$stack12	<io.bootique.RuntimeModuleMergerTest: void testGetModules_Overrides_Chain()>
<io.bootique.RuntimeModuleMergerTest: void testGetModules_Overrides_Chain()>/$stack20	<io.bootique.RuntimeModuleMergerTest: void testGetModules_Overrides_Chain()>
<io.bootique.RuntimeModuleMergerTest: void testGetModules_Overrides_Chain()>/$stack24	<io.bootique.RuntimeModuleMergerTest: void testGetModules_Overrides_Chain()>
<io.bootique.RuntimeModuleMergerTest: void testGetModules_Overrides_Chain()>/$stack28	<io.bootique.RuntimeModuleMergerTest: void testGetModules_Overrides_Chain()>
<io.bootique.RuntimeModuleMergerTest: void testGetModules_Overrides_Chain()>/$stack32	<io.bootique.RuntimeModuleMergerTest: void testGetModules_Overrides_Chain()>
<io.bootique.RuntimeModuleMergerTest: void testGetModules_OverrideCycle()>/$stack3	<io.bootique.RuntimeModuleMergerTest: void testGetModules_OverrideCycle()>
<io.bootique.RuntimeModuleMergerTest: void testGetModules_OverrideCycle()>/$stack11	<io.bootique.RuntimeModuleMergerTest: void testGetModules_OverrideCycle()>
<io.bootique.RuntimeModuleMergerTest: void testGetModules_OverrideCycle()>/$stack19	<io.bootique.RuntimeModuleMergerTest: void testGetModules_OverrideCycle()>
<io.bootique.RuntimeModuleMergerTest: void testGetModules_OverrideCycle()>/$stack23	<io.bootique.RuntimeModuleMergerTest: void testGetModules_OverrideCycle()>
<io.bootique.RuntimeModuleMergerTest: void testGetModules_OverrideIndirectCycle()>/$stack3	<io.bootique.RuntimeModuleMergerTest: void testGetModules_OverrideIndirectCycle()>
<io.bootique.RuntimeModuleMergerTest: void testGetModules_OverrideIndirectCycle()>/$stack11	<io.bootique.RuntimeModuleMergerTest: void testGetModules_OverrideIndirectCycle()>
<io.bootique.RuntimeModuleMergerTest: void testGetModules_OverrideIndirectCycle()>/$stack19	<io.bootique.RuntimeModuleMergerTest: void testGetModules_OverrideIndirectCycle()>
<io.bootique.RuntimeModuleMergerTest: void testGetModules_OverrideIndirectCycle()>/$stack27	<io.bootique.RuntimeModuleMergerTest: void testGetModules_OverrideIndirectCycle()>
<io.bootique.RuntimeModuleMergerTest: void testGetModules_OverrideIndirectCycle()>/$stack31	<io.bootique.RuntimeModuleMergerTest: void testGetModules_OverrideIndirectCycle()>
<io.bootique.RuntimeModuleMergerTest: void testGetModules_OverrideIndirectCycle()>/$stack35	<io.bootique.RuntimeModuleMergerTest: void testGetModules_OverrideIndirectCycle()>
<io.bootique.RuntimeModuleMergerTest: void testGetModules_OverrideDupe()>/$stack3	<io.bootique.RuntimeModuleMergerTest: void testGetModules_OverrideDupe()>
<io.bootique.RuntimeModuleMergerTest: void testGetModules_OverrideDupe()>/$stack11	<io.bootique.RuntimeModuleMergerTest: void testGetModules_OverrideDupe()>
<io.bootique.RuntimeModuleMergerTest: void testGetModules_OverrideDupe()>/$stack19	<io.bootique.RuntimeModuleMergerTest: void testGetModules_OverrideDupe()>
<io.bootique.RuntimeModuleMergerTest: void testGetModules_OverrideDupe()>/$stack23	<io.bootique.RuntimeModuleMergerTest: void testGetModules_OverrideDupe()>
<io.bootique.RuntimeModuleMergerTest: void testGetModules_OverrideDupe()>/$stack27	<io.bootique.RuntimeModuleMergerTest: void testGetModules_OverrideDupe()>
<io.bootique.RuntimeModuleMergerTest: void lambda$before$0(io.bootique.di.BQModule)>/$stack3	<io.bootique.RuntimeModuleMergerTest: void lambda$before$0(io.bootique.di.BQModule)>
