<io.bootique.ConfigModule: java.lang.Object config(java.lang.Class,io.bootique.config.ConfigurationFactory)>/io.bootique.config.ConfigurationFactory.config/0	<io.bootique.config.ConfigurationFactory: java.lang.Object config(java.lang.Class,java.lang.String)>	<io.bootique.ConfigModule: java.lang.Object config(java.lang.Class,io.bootique.config.ConfigurationFactory)>	74	<io.bootique.ConfigModule: java.lang.Object config(java.lang.Class,io.bootique.config.ConfigurationFactory)>/configurationFactory#_0
<io.bootique.log.DefaultBootLoggerTest: void testStdout()>/java.io.PrintStream.println/0	<java.io.PrintStream: void println(java.lang.String)>	<io.bootique.log.DefaultBootLoggerTest: void testStdout()>	46	<io.bootique.log.DefaultBootLoggerTest: void testStdout()>/$stack7
<io.bootique.log.DefaultBootLoggerTest: void testStderr()>/java.io.PrintStream.println/0	<java.io.PrintStream: void println(java.lang.String)>	<io.bootique.log.DefaultBootLoggerTest: void testStderr()>	56	<io.bootique.log.DefaultBootLoggerTest: void testStderr()>/$stack7
<io.bootique.log.DefaultBootLoggerTest: void testTrace()>/java.io.PrintStream.println/0	<java.io.PrintStream: void println(java.lang.String)>	<io.bootique.log.DefaultBootLoggerTest: void testTrace()>	66	<io.bootique.log.DefaultBootLoggerTest: void testTrace()>/$stack8
<io.bootique.run.DefaultRunner: io.bootique.command.Command prepareForExecution(io.bootique.command.Command)>/io.bootique.command.ExecutionPlanBuilder.prepareForExecution/0	<io.bootique.command.ExecutionPlanBuilder: io.bootique.command.Command prepareForExecution(io.bootique.command.Command)>	<io.bootique.run.DefaultRunner: io.bootique.command.Command prepareForExecution(io.bootique.command.Command)>	51	<io.bootique.run.DefaultRunner: io.bootique.command.Command prepareForExecution(io.bootique.command.Command)>/$stack2
<io.bootique.command.CommandDecoratorIT: void testAlsoRun_Instance()>/io.bootique.command.Command.run/0	<io.bootique.command.Command: io.bootique.command.CommandOutcome run(io.bootique.cli.Cli)>	<io.bootique.command.CommandDecoratorIT: void testAlsoRun_Instance()>	67	<io.bootique.command.CommandDecoratorIT: void testAlsoRun_Instance()>/cmd#_66
<io.bootique.command.CommandDecoratorIT: void testAlsoRun_Instance()>/io.bootique.command.Command.run/1	<io.bootique.command.Command: io.bootique.command.CommandOutcome run(io.bootique.cli.Cli)>	<io.bootique.command.CommandDecoratorIT: void testAlsoRun_Instance()>	72	<io.bootique.command.CommandDecoratorIT: void testAlsoRun_Instance()>/$stack14
<io.bootique.command.CommandDecoratorIT: void testBeforeRun_Instance()>/io.bootique.command.Command.run/0	<io.bootique.command.Command: io.bootique.command.CommandOutcome run(io.bootique.cli.Cli)>	<io.bootique.command.CommandDecoratorIT: void testBeforeRun_Instance()>	119	<io.bootique.command.CommandDecoratorIT: void testBeforeRun_Instance()>/cmd#_118
<io.bootique.command.CommandDecoratorIT: void testBeforeRun_Instance()>/io.bootique.command.Command.run/1	<io.bootique.command.Command: io.bootique.command.CommandOutcome run(io.bootique.cli.Cli)>	<io.bootique.command.CommandDecoratorIT: void testBeforeRun_Instance()>	124	<io.bootique.command.CommandDecoratorIT: void testBeforeRun_Instance()>/$stack13
<io.bootique.command.CommandDecoratorIT: void testBeforeAndAlsoRun()>/io.bootique.command.Command.run/0	<io.bootique.command.Command: io.bootique.command.CommandOutcome run(io.bootique.cli.Cli)>	<io.bootique.command.CommandDecoratorIT: void testBeforeAndAlsoRun()>	163	<io.bootique.command.CommandDecoratorIT: void testBeforeAndAlsoRun()>/c1#_162
<io.bootique.command.CommandDecoratorIT: void testBeforeAndAlsoRun()>/io.bootique.command.Command.run/1	<io.bootique.command.Command: io.bootique.command.CommandOutcome run(io.bootique.cli.Cli)>	<io.bootique.command.CommandDecoratorIT: void testBeforeAndAlsoRun()>	166	<io.bootique.command.CommandDecoratorIT: void testBeforeAndAlsoRun()>/c2#_165
<io.bootique.command.CommandDecoratorIT: void testBeforeAndAlsoRun()>/io.bootique.command.Command.run/2	<io.bootique.command.Command: io.bootique.command.CommandOutcome run(io.bootique.cli.Cli)>	<io.bootique.command.CommandDecoratorIT: void testBeforeAndAlsoRun()>	169	<io.bootique.command.CommandDecoratorIT: void testBeforeAndAlsoRun()>/c3#_168
<io.bootique.command.CommandDecoratorIT: void testBeforeAndAlsoRun()>/io.bootique.command.Command.run/3	<io.bootique.command.Command: io.bootique.command.CommandOutcome run(io.bootique.cli.Cli)>	<io.bootique.command.CommandDecoratorIT: void testBeforeAndAlsoRun()>	172	<io.bootique.command.CommandDecoratorIT: void testBeforeAndAlsoRun()>/c4#_171
<io.bootique.command.CommandDecoratorIT: void testBeforeAndAlsoRun()>/io.bootique.command.Command.run/4	<io.bootique.command.Command: io.bootique.command.CommandOutcome run(io.bootique.cli.Cli)>	<io.bootique.command.CommandDecoratorIT: void testBeforeAndAlsoRun()>	182	<io.bootique.command.CommandDecoratorIT: void testBeforeAndAlsoRun()>/$stack44
<io.bootique.command.CommandDecoratorIT: void testBeforeAndAlsoRun()>/io.bootique.command.Command.run/5	<io.bootique.command.Command: io.bootique.command.CommandOutcome run(io.bootique.cli.Cli)>	<io.bootique.command.CommandDecoratorIT: void testBeforeAndAlsoRun()>	183	<io.bootique.command.CommandDecoratorIT: void testBeforeAndAlsoRun()>/$stack49
<io.bootique.command.CommandDecoratorIT: void testBeforeAndAlsoRun()>/io.bootique.command.Command.run/6	<io.bootique.command.Command: io.bootique.command.CommandOutcome run(io.bootique.cli.Cli)>	<io.bootique.command.CommandDecoratorIT: void testBeforeAndAlsoRun()>	184	<io.bootique.command.CommandDecoratorIT: void testBeforeAndAlsoRun()>/$stack54
<io.bootique.command.CommandDecoratorIT: void testBeforeAndAlsoRun()>/io.bootique.command.Command.run/7	<io.bootique.command.Command: io.bootique.command.CommandOutcome run(io.bootique.cli.Cli)>	<io.bootique.command.CommandDecoratorIT: void testBeforeAndAlsoRun()>	185	<io.bootique.command.CommandDecoratorIT: void testBeforeAndAlsoRun()>/$stack59
<io.bootique.command.CommandDecoratorIT: void testMultipleDecoratorsForTheSameCommand()>/io.bootique.command.Command.run/0	<io.bootique.command.Command: io.bootique.command.CommandOutcome run(io.bootique.cli.Cli)>	<io.bootique.command.CommandDecoratorIT: void testMultipleDecoratorsForTheSameCommand()>	192	<io.bootique.command.CommandDecoratorIT: void testMultipleDecoratorsForTheSameCommand()>/c1#_191
<io.bootique.command.CommandDecoratorIT: void testMultipleDecoratorsForTheSameCommand()>/io.bootique.command.Command.run/1	<io.bootique.command.Command: io.bootique.command.CommandOutcome run(io.bootique.cli.Cli)>	<io.bootique.command.CommandDecoratorIT: void testMultipleDecoratorsForTheSameCommand()>	195	<io.bootique.command.CommandDecoratorIT: void testMultipleDecoratorsForTheSameCommand()>/c2#_194
<io.bootique.command.CommandDecoratorIT: void testMultipleDecoratorsForTheSameCommand()>/io.bootique.command.Command.run/2	<io.bootique.command.Command: io.bootique.command.CommandOutcome run(io.bootique.cli.Cli)>	<io.bootique.command.CommandDecoratorIT: void testMultipleDecoratorsForTheSameCommand()>	205	<io.bootique.command.CommandDecoratorIT: void testMultipleDecoratorsForTheSameCommand()>/$stack25
<io.bootique.command.CommandDecoratorIT: void testMultipleDecoratorsForTheSameCommand()>/io.bootique.command.Command.run/3	<io.bootique.command.Command: io.bootique.command.CommandOutcome run(io.bootique.cli.Cli)>	<io.bootique.command.CommandDecoratorIT: void testMultipleDecoratorsForTheSameCommand()>	206	<io.bootique.command.CommandDecoratorIT: void testMultipleDecoratorsForTheSameCommand()>/$stack30
<io.bootique.log.DefaultBootLogger: void stdout(java.lang.String)>/java.io.PrintStream.println/0	<java.io.PrintStream: void println(java.lang.String)>	<io.bootique.log.DefaultBootLogger: void stdout(java.lang.String)>	53	<io.bootique.log.DefaultBootLogger: void stdout(java.lang.String)>/$stack2
<io.bootique.log.DefaultBootLogger: void stderr(java.lang.String)>/java.io.PrintStream.println/0	<java.io.PrintStream: void println(java.lang.String)>	<io.bootique.log.DefaultBootLogger: void stderr(java.lang.String)>	58	<io.bootique.log.DefaultBootLogger: void stderr(java.lang.String)>/$stack2
<io.bootique.run.DefaultRunnerTest: io.bootique.command.Command mockCommand(java.lang.String,io.bootique.command.CommandOutcome,java.lang.String[])>/io.bootique.command.Command.run/0	<io.bootique.command.Command: io.bootique.command.CommandOutcome run(io.bootique.cli.Cli)>	<io.bootique.run.DefaultRunnerTest: io.bootique.command.Command mockCommand(java.lang.String,io.bootique.command.CommandOutcome,java.lang.String[])>	55	<io.bootique.run.DefaultRunnerTest: io.bootique.command.Command mockCommand(java.lang.String,io.bootique.command.CommandOutcome,java.lang.String[])>/mock#_54
<io.bootique.run.DefaultRunnerTest: void testRun()>/io.bootique.command.Command.run/0	<io.bootique.command.Command: io.bootique.command.CommandOutcome run(io.bootique.cli.Cli)>	<io.bootique.run.DefaultRunnerTest: void testRun()>	80	<io.bootique.run.DefaultRunnerTest: void testRun()>/$stack33
<io.bootique.run.DefaultRunnerTest: void testRun()>/io.bootique.command.Command.run/1	<io.bootique.command.Command: io.bootique.command.CommandOutcome run(io.bootique.cli.Cli)>	<io.bootique.run.DefaultRunnerTest: void testRun()>	81	<io.bootique.run.DefaultRunnerTest: void testRun()>/$stack38
<io.bootique.run.DefaultRunnerTest: void testRun()>/io.bootique.command.Command.run/2	<io.bootique.command.Command: io.bootique.command.CommandOutcome run(io.bootique.cli.Cli)>	<io.bootique.run.DefaultRunnerTest: void testRun()>	82	<io.bootique.run.DefaultRunnerTest: void testRun()>/$stack43
<io.bootique.run.DefaultRunnerTest: void testRun()>/io.bootique.command.Command.run/3	<io.bootique.command.Command: io.bootique.command.CommandOutcome run(io.bootique.cli.Cli)>	<io.bootique.run.DefaultRunnerTest: void testRun()>	83	<io.bootique.run.DefaultRunnerTest: void testRun()>/$stack48
<io.bootique.run.DefaultRunnerTest: void testRun_ReverseOrder()>/io.bootique.command.Command.run/0	<io.bootique.command.Command: io.bootique.command.CommandOutcome run(io.bootique.cli.Cli)>	<io.bootique.run.DefaultRunnerTest: void testRun_ReverseOrder()>	100	<io.bootique.run.DefaultRunnerTest: void testRun_ReverseOrder()>/$stack33
<io.bootique.run.DefaultRunnerTest: void testRun_ReverseOrder()>/io.bootique.command.Command.run/1	<io.bootique.command.Command: io.bootique.command.CommandOutcome run(io.bootique.cli.Cli)>	<io.bootique.run.DefaultRunnerTest: void testRun_ReverseOrder()>	101	<io.bootique.run.DefaultRunnerTest: void testRun_ReverseOrder()>/$stack38
<io.bootique.run.DefaultRunnerTest: void testRun_ReverseOrder()>/io.bootique.command.Command.run/2	<io.bootique.command.Command: io.bootique.command.CommandOutcome run(io.bootique.cli.Cli)>	<io.bootique.run.DefaultRunnerTest: void testRun_ReverseOrder()>	102	<io.bootique.run.DefaultRunnerTest: void testRun_ReverseOrder()>/$stack43
<io.bootique.run.DefaultRunnerTest: void testRun_ReverseOrder()>/io.bootique.command.Command.run/3	<io.bootique.command.Command: io.bootique.command.CommandOutcome run(io.bootique.cli.Cli)>	<io.bootique.run.DefaultRunnerTest: void testRun_ReverseOrder()>	103	<io.bootique.run.DefaultRunnerTest: void testRun_ReverseOrder()>/$stack48
<io.bootique.run.DefaultRunnerTest: void testRun_NullName_Default()>/io.bootique.command.Command.run/0	<io.bootique.command.Command: io.bootique.command.CommandOutcome run(io.bootique.cli.Cli)>	<io.bootique.run.DefaultRunnerTest: void testRun_NullName_Default()>	134	<io.bootique.run.DefaultRunnerTest: void testRun_NullName_Default()>/$stack34
<io.bootique.run.DefaultRunnerTest: void testRun_NullName_Default()>/io.bootique.command.Command.run/1	<io.bootique.command.Command: io.bootique.command.CommandOutcome run(io.bootique.cli.Cli)>	<io.bootique.run.DefaultRunnerTest: void testRun_NullName_Default()>	135	<io.bootique.run.DefaultRunnerTest: void testRun_NullName_Default()>/$stack39
<io.bootique.run.DefaultRunnerTest: void testRun_NullName_Default()>/io.bootique.command.Command.run/2	<io.bootique.command.Command: io.bootique.command.CommandOutcome run(io.bootique.cli.Cli)>	<io.bootique.run.DefaultRunnerTest: void testRun_NullName_Default()>	136	<io.bootique.run.DefaultRunnerTest: void testRun_NullName_Default()>/$stack43
<io.bootique.run.DefaultRunnerTest: void testRun_NullName_Default()>/io.bootique.command.Command.run/3	<io.bootique.command.Command: io.bootique.command.CommandOutcome run(io.bootique.cli.Cli)>	<io.bootique.run.DefaultRunnerTest: void testRun_NullName_Default()>	137	<io.bootique.run.DefaultRunnerTest: void testRun_NullName_Default()>/$stack48
<io.bootique.run.DefaultRunnerTest: void testRun_NullName_Help()>/io.bootique.command.Command.run/0	<io.bootique.command.Command: io.bootique.command.CommandOutcome run(io.bootique.cli.Cli)>	<io.bootique.run.DefaultRunnerTest: void testRun_NullName_Help()>	153	<io.bootique.run.DefaultRunnerTest: void testRun_NullName_Help()>/$stack29
<io.bootique.run.DefaultRunnerTest: void testRun_NullName_Help()>/io.bootique.command.Command.run/1	<io.bootique.command.Command: io.bootique.command.CommandOutcome run(io.bootique.cli.Cli)>	<io.bootique.run.DefaultRunnerTest: void testRun_NullName_Help()>	154	<io.bootique.run.DefaultRunnerTest: void testRun_NullName_Help()>/$stack34
<io.bootique.run.DefaultRunnerTest: void testRun_NullName_Help()>/io.bootique.command.Command.run/2	<io.bootique.command.Command: io.bootique.command.CommandOutcome run(io.bootique.cli.Cli)>	<io.bootique.run.DefaultRunnerTest: void testRun_NullName_Help()>	155	<io.bootique.run.DefaultRunnerTest: void testRun_NullName_Help()>/$stack38
<io.bootique.run.DefaultRunnerTest: void testRun_NullName_NoFallback()>/io.bootique.command.Command.run/0	<io.bootique.command.Command: io.bootique.command.CommandOutcome run(io.bootique.cli.Cli)>	<io.bootique.run.DefaultRunnerTest: void testRun_NullName_NoFallback()>	169	<io.bootique.run.DefaultRunnerTest: void testRun_NullName_NoFallback()>/$stack24
<io.bootique.run.DefaultRunnerTest: void testRun_NullName_NoFallback()>/io.bootique.command.Command.run/1	<io.bootique.command.Command: io.bootique.command.CommandOutcome run(io.bootique.cli.Cli)>	<io.bootique.run.DefaultRunnerTest: void testRun_NullName_NoFallback()>	170	<io.bootique.run.DefaultRunnerTest: void testRun_NullName_NoFallback()>/$stack29
<io.bootique.run.DefaultRunnerTest: io.bootique.command.CommandOutcome run(java.util.Optional,java.util.Optional,io.bootique.command.Command[])>/io.bootique.command.ExecutionPlanBuilder.prepareForExecution/0	<io.bootique.command.ExecutionPlanBuilder: io.bootique.command.Command prepareForExecution(io.bootique.command.Command)>	<io.bootique.run.DefaultRunnerTest: io.bootique.command.CommandOutcome run(java.util.Optional,java.util.Optional,io.bootique.command.Command[])>	204	<io.bootique.run.DefaultRunnerTest: io.bootique.command.CommandOutcome run(java.util.Optional,java.util.Optional,io.bootique.command.Command[])>/executionPlanBuilder#_203
<io.bootique.jopt.JoptCliTest: void testStringsFor_Missing()>/joptsimple.OptionSet.valueOf/0	<joptsimple.OptionSet: java.lang.Object valueOf(java.lang.String)>	<io.bootique.jopt.JoptCliTest: void testStringsFor_Missing()>	45	<io.bootique.jopt.JoptCliTest: void testStringsFor_Missing()>/$stack2
<io.bootique.terminal.ExternalCommandTerminal: java.lang.Object runCommand(java.lang.String[],java.util.function.Function)>/io.bootique.log.BootLogger.trace/0	<io.bootique.log.BootLogger: void trace(java.util.function.Supplier)>	<io.bootique.terminal.ExternalCommandTerminal: java.lang.Object runCommand(java.lang.String[],java.util.function.Function)>	62	<io.bootique.terminal.ExternalCommandTerminal: java.lang.Object runCommand(java.lang.String[],java.util.function.Function)>/$stack6
<io.bootique.terminal.ExternalCommandTerminal: java.lang.Object runCommandWithExceptions(java.lang.String[],java.util.function.Function)>/io.bootique.log.BootLogger.trace/0	<io.bootique.log.BootLogger: void trace(java.util.function.Supplier)>	<io.bootique.terminal.ExternalCommandTerminal: java.lang.Object runCommandWithExceptions(java.lang.String[],java.util.function.Function)>	75	<io.bootique.terminal.ExternalCommandTerminal: java.lang.Object runCommandWithExceptions(java.lang.String[],java.util.function.Function)>/$stack24
<io.bootique.terminal.ExternalCommandTerminal: java.lang.Object runCommandWithExceptions(java.lang.String[],java.util.function.Function)>/io.bootique.log.BootLogger.trace/1	<io.bootique.log.BootLogger: void trace(java.util.function.Supplier)>	<io.bootique.terminal.ExternalCommandTerminal: java.lang.Object runCommandWithExceptions(java.lang.String[],java.util.function.Function)>	81	<io.bootique.terminal.ExternalCommandTerminal: java.lang.Object runCommandWithExceptions(java.lang.String[],java.util.function.Function)>/$stack22
<io.bootique.jopt.JoptCli: boolean hasOption(java.lang.String)>/joptsimple.OptionSet.has/0	<joptsimple.OptionSet: boolean has(java.lang.String)>	<io.bootique.jopt.JoptCli: boolean hasOption(java.lang.String)>	51	<io.bootique.jopt.JoptCli: boolean hasOption(java.lang.String)>/$stack2
<io.bootique.jopt.JoptCli: java.util.List optionStrings(java.lang.String)>/joptsimple.OptionSet.valuesOf/0	<joptsimple.OptionSet: java.util.List valuesOf(java.lang.String)>	<io.bootique.jopt.JoptCli: java.util.List optionStrings(java.lang.String)>	56	<io.bootique.jopt.JoptCli: java.util.List optionStrings(java.lang.String)>/$stack2
<io.bootique.ConfigModuleTest: void testConfigConfig()>/io.bootique.config.ConfigurationFactory.config/0	<io.bootique.config.ConfigurationFactory: java.lang.Object config(java.lang.Class,java.lang.String)>	<io.bootique.ConfigModuleTest: void testConfigConfig()>	49	<io.bootique.ConfigModuleTest: void testConfigConfig()>/f#_48
<io.bootique.terminal.SttyTerminal: java.lang.Integer parseColumns(java.io.BufferedReader)>/io.bootique.log.BootLogger.trace/0	<io.bootique.log.BootLogger: void trace(java.util.function.Supplier)>	<io.bootique.terminal.SttyTerminal: java.lang.Integer parseColumns(java.io.BufferedReader)>	64	<io.bootique.terminal.SttyTerminal: java.lang.Integer parseColumns(java.io.BufferedReader)>/$stack7
<io.bootique.terminal.SttyTerminal: java.lang.Integer parseLine(java.lang.String,java.util.regex.Pattern[])>/io.bootique.log.BootLogger.trace/0	<io.bootique.log.BootLogger: void trace(java.util.function.Supplier)>	<io.bootique.terminal.SttyTerminal: java.lang.Integer parseLine(java.lang.String,java.util.regex.Pattern[])>	88	<io.bootique.terminal.SttyTerminal: java.lang.Integer parseLine(java.lang.String,java.util.regex.Pattern[])>/$stack19
<io.bootique.terminal.SttyTerminal: java.lang.Integer parseLine(java.lang.String,java.util.regex.Pattern[])>/io.bootique.log.BootLogger.trace/1	<io.bootique.log.BootLogger: void trace(java.util.function.Supplier)>	<io.bootique.terminal.SttyTerminal: java.lang.Integer parseLine(java.lang.String,java.util.regex.Pattern[])>	98	<io.bootique.terminal.SttyTerminal: java.lang.Integer parseLine(java.lang.String,java.util.regex.Pattern[])>/$stack9
<io.bootique.run.DefaultRunner: io.bootique.command.Command bareCommand()>/io.bootique.cli.Cli.commandName/0	<io.bootique.cli.Cli: java.lang.String commandName()>	<io.bootique.run.DefaultRunner: io.bootique.command.Command bareCommand()>	55	<io.bootique.run.DefaultRunner: io.bootique.command.Command bareCommand()>/$stack2
<io.bootique.run.DefaultRunner: io.bootique.command.Command bareCommand()>/io.bootique.cli.Cli.commandName/1	<io.bootique.cli.Cli: java.lang.String commandName()>	<io.bootique.run.DefaultRunner: io.bootique.command.Command bareCommand()>	56	<io.bootique.run.DefaultRunner: io.bootique.command.Command bareCommand()>/$stack14
<io.bootique.run.DefaultRunner: io.bootique.command.Command bareCommand()>/io.bootique.cli.Cli.commandName/2	<io.bootique.cli.Cli: java.lang.String commandName()>	<io.bootique.run.DefaultRunner: io.bootique.command.Command bareCommand()>	58	<io.bootique.run.DefaultRunner: io.bootique.command.Command bareCommand()>/$stack20
<org.mockito.internal.util.DefaultMockingDetails: void assertGoodMock()>/java.lang.Object.getClass/0	<java.lang.Object: java.lang.Class getClass()>	<org.mockito.internal.util.DefaultMockingDetails: void assertGoodMock()>	88	<org.mockito.internal.util.DefaultMockingDetails: void assertGoodMock()>/$stack6
<io.bootique.config.jackson.parser.JsonConfigurationFormatParser: void <init>(io.bootique.jackson.JacksonService)>/io.bootique.jackson.JacksonService.newObjectMapper/0	<io.bootique.jackson.JacksonService: com.fasterxml.jackson.databind.ObjectMapper newObjectMapper()>	<io.bootique.config.jackson.parser.JsonConfigurationFormatParser: void <init>(io.bootique.jackson.JacksonService)>	40	<io.bootique.config.jackson.parser.JsonConfigurationFormatParser: void <init>(io.bootique.jackson.JacksonService)>/jackson#_0
<org.mockito.internal.MockitoCore: java.lang.Object verify(java.lang.Object,org.mockito.verification.VerificationMode)>/java.lang.Object.getClass/0	<java.lang.Object: java.lang.Class getClass()>	<org.mockito.internal.MockitoCore: java.lang.Object verify(java.lang.Object,org.mockito.verification.VerificationMode)>	124	<org.mockito.internal.MockitoCore: java.lang.Object verify(java.lang.Object,org.mockito.verification.VerificationMode)>/mock#_0
<io.bootique.run.DefaultRunnerTest: io.bootique.command.Command mockCommand(java.lang.String,io.bootique.command.CommandOutcome,java.lang.String[])>/io.bootique.command.Command.getMetadata/0	<io.bootique.command.Command: io.bootique.meta.application.CommandMetadata getMetadata()>	<io.bootique.run.DefaultRunnerTest: io.bootique.command.Command mockCommand(java.lang.String,io.bootique.command.CommandOutcome,java.lang.String[])>	56	<io.bootique.run.DefaultRunnerTest: io.bootique.command.Command mockCommand(java.lang.String,io.bootique.command.CommandOutcome,java.lang.String[])>/mock#_54
<io.bootique.run.DefaultRunnerTest: void testRun()>/io.bootique.cli.Cli.commandName/0	<io.bootique.cli.Cli: java.lang.String commandName()>	<io.bootique.run.DefaultRunnerTest: void testRun()>	69	<io.bootique.run.DefaultRunnerTest: void testRun()>/$stack6
<io.bootique.run.DefaultRunnerTest: void testRun_ReverseOrder()>/io.bootique.cli.Cli.commandName/0	<io.bootique.cli.Cli: java.lang.String commandName()>	<io.bootique.run.DefaultRunnerTest: void testRun_ReverseOrder()>	89	<io.bootique.run.DefaultRunnerTest: void testRun_ReverseOrder()>/$stack6
<io.bootique.run.DefaultRunnerTest: void testRun_NoMatch()>/io.bootique.cli.Cli.commandName/0	<io.bootique.cli.Cli: java.lang.String commandName()>	<io.bootique.run.DefaultRunnerTest: void testRun_NoMatch()>	109	<io.bootique.run.DefaultRunnerTest: void testRun_NoMatch()>/$stack5
<io.bootique.run.DefaultRunnerTest: void testRun_NullName_Default()>/io.bootique.cli.Cli.commandName/0	<io.bootique.cli.Cli: java.lang.String commandName()>	<io.bootique.run.DefaultRunnerTest: void testRun_NullName_Default()>	123	<io.bootique.run.DefaultRunnerTest: void testRun_NullName_Default()>/$stack6
<io.bootique.run.DefaultRunnerTest: void testRun_NullName_Help()>/io.bootique.cli.Cli.commandName/0	<io.bootique.cli.Cli: java.lang.String commandName()>	<io.bootique.run.DefaultRunnerTest: void testRun_NullName_Help()>	143	<io.bootique.run.DefaultRunnerTest: void testRun_NullName_Help()>/$stack5
<io.bootique.run.DefaultRunnerTest: void testRun_NullName_NoFallback()>/io.bootique.cli.Cli.commandName/0	<io.bootique.cli.Cli: java.lang.String commandName()>	<io.bootique.run.DefaultRunnerTest: void testRun_NullName_NoFallback()>	161	<io.bootique.run.DefaultRunnerTest: void testRun_NullName_NoFallback()>/$stack4
<io.bootique.run.DefaultRunnerTest: void testRun_Failure()>/io.bootique.cli.Cli.commandName/0	<io.bootique.cli.Cli: java.lang.String commandName()>	<io.bootique.run.DefaultRunnerTest: void testRun_Failure()>	176	<io.bootique.run.DefaultRunnerTest: void testRun_Failure()>/$stack4
<io.bootique.RuntimeModuleMergerTest: io.bootique.BQModuleMetadata createBQModule(io.bootique.di.BQModule,java.lang.Class[])>/io.bootique.BQModuleMetadata.getModule/0	<io.bootique.BQModuleMetadata: io.bootique.di.BQModule getModule()>	<io.bootique.RuntimeModuleMergerTest: io.bootique.BQModuleMetadata createBQModule(io.bootique.di.BQModule,java.lang.Class[])>	67	<io.bootique.RuntimeModuleMergerTest: io.bootique.BQModuleMetadata createBQModule(io.bootique.di.BQModule,java.lang.Class[])>/bqModuleMock#_66
<io.bootique.RuntimeModuleMergerTest: io.bootique.BQModuleMetadata createBQModule(io.bootique.di.BQModule,java.lang.Class[])>/io.bootique.BQModuleMetadata.getOverrides/0	<io.bootique.BQModuleMetadata: java.util.Collection getOverrides()>	<io.bootique.RuntimeModuleMergerTest: io.bootique.BQModuleMetadata createBQModule(io.bootique.di.BQModule,java.lang.Class[])>	68	<io.bootique.RuntimeModuleMergerTest: io.bootique.BQModuleMetadata createBQModule(io.bootique.di.BQModule,java.lang.Class[])>/bqModuleMock#_66
<io.bootique.jopt.JoptCliFactoryTest: io.bootique.command.Command addMockCommand(io.bootique.meta.application.CommandMetadata$Builder)>/io.bootique.command.Command.getMetadata/0	<io.bootique.command.Command: io.bootique.meta.application.CommandMetadata getMetadata()>	<io.bootique.jopt.JoptCliFactoryTest: io.bootique.command.Command addMockCommand(io.bootique.meta.application.CommandMetadata$Builder)>	122	<io.bootique.jopt.JoptCliFactoryTest: io.bootique.command.Command addMockCommand(io.bootique.meta.application.CommandMetadata$Builder)>/mock#_121
<io.bootique.jopt.JoptCliFactoryTest: io.bootique.command.Command addMockCommand(io.bootique.meta.application.CommandMetadata$Builder)>/io.bootique.command.Command.getMetadata/1	<io.bootique.command.Command: io.bootique.meta.application.CommandMetadata getMetadata()>	<io.bootique.jopt.JoptCliFactoryTest: io.bootique.command.Command addMockCommand(io.bootique.meta.application.CommandMetadata$Builder)>	123	<io.bootique.jopt.JoptCliFactoryTest: io.bootique.command.Command addMockCommand(io.bootique.meta.application.CommandMetadata$Builder)>/mock#_121
<io.bootique.jopt.JoptCli: java.util.List standaloneArguments()>/joptsimple.OptionSet.nonOptionArguments/0	<joptsimple.OptionSet: java.util.List nonOptionArguments()>	<io.bootique.jopt.JoptCli: java.util.List standaloneArguments()>	62	<io.bootique.jopt.JoptCli: java.util.List standaloneArguments()>/$stack1
<io.bootique.jopt.JoptCli: java.util.List detectedOptions()>/joptsimple.OptionSet.specs/0	<joptsimple.OptionSet: java.util.List specs()>	<io.bootique.jopt.JoptCli: java.util.List detectedOptions()>	67	<io.bootique.jopt.JoptCli: java.util.List detectedOptions()>/$stack3
<io.bootique.config.jackson.parser.YamlConfigurationFormatParser: void <init>(io.bootique.jackson.JacksonService)>/io.bootique.jackson.JacksonService.newObjectMapper/0	<io.bootique.jackson.JacksonService: com.fasterxml.jackson.databind.ObjectMapper newObjectMapper()>	<io.bootique.config.jackson.parser.YamlConfigurationFormatParser: void <init>(io.bootique.jackson.JacksonService)>	43	<io.bootique.config.jackson.parser.YamlConfigurationFormatParser: void <init>(io.bootique.jackson.JacksonService)>/jackson#_0
<io.bootique.command.ManagedCommand$Builder: void <init>(io.bootique.command.Command)>/io.bootique.command.Command.getMetadata/0	<io.bootique.command.Command: io.bootique.meta.application.CommandMetadata getMetadata()>	<io.bootique.command.ManagedCommand$Builder: void <init>(io.bootique.command.Command)>	71	<io.bootique.command.ManagedCommand$Builder: void <init>(io.bootique.command.Command)>/command#_0
<org.mockito.internal.util.MockUtil: org.mockito.invocation.MockHandler getMockHandler(java.lang.Object)>/java.lang.Object.getClass/0	<java.lang.Object: java.lang.Class getClass()>	<org.mockito.internal.util.MockUtil: org.mockito.invocation.MockHandler getMockHandler(java.lang.Object)>	79	<org.mockito.internal.util.MockUtil: org.mockito.invocation.MockHandler getMockHandler(java.lang.Object)>/mock#2#_73
<io.bootique.jopt.JoptCliFactoryCommandNameTest: void addMockCommand(java.lang.String,java.lang.String[])>/io.bootique.command.Command.getMetadata/0	<io.bootique.command.Command: io.bootique.meta.application.CommandMetadata getMetadata()>	<io.bootique.jopt.JoptCliFactoryCommandNameTest: void addMockCommand(java.lang.String,java.lang.String[])>	91	<io.bootique.jopt.JoptCliFactoryCommandNameTest: void addMockCommand(java.lang.String,java.lang.String[])>/mock#_80
<io.bootique.jopt.JoptCliFactoryCommandNameTest: void addMockCommand(java.lang.String,java.lang.String[])>/io.bootique.command.Command.getMetadata/1	<io.bootique.command.Command: io.bootique.meta.application.CommandMetadata getMetadata()>	<io.bootique.jopt.JoptCliFactoryCommandNameTest: void addMockCommand(java.lang.String,java.lang.String[])>	95	<io.bootique.jopt.JoptCliFactoryCommandNameTest: void addMockCommand(java.lang.String,java.lang.String[])>/mock#_80
<io.bootique.BootiqueUtilsTest: void moduleProviderDependencies()>/io.bootique.BQModuleProvider.dependencies/0	<io.bootique.BQModuleProvider: java.util.Collection dependencies()>	<io.bootique.BootiqueUtilsTest: void moduleProviderDependencies()>	54	<io.bootique.BootiqueUtilsTest: void moduleProviderDependencies()>/testModuleProvider1#_50
<io.bootique.BootiqueUtilsTest: void moduleProviderDependencies()>/io.bootique.BQModuleMetadata$Builder.build/0	<io.bootique.BQModuleMetadata$Builder: io.bootique.BQModuleMetadata build()>	<io.bootique.BootiqueUtilsTest: void moduleProviderDependencies()>	58	<io.bootique.BootiqueUtilsTest: void moduleProviderDependencies()>/builder1#_56
<io.bootique.BootiqueUtilsTest: void moduleProviderDependencies()>/io.bootique.BQModuleProvider.moduleBuilder/0	<io.bootique.BQModuleProvider: io.bootique.BQModuleMetadata$Builder moduleBuilder()>	<io.bootique.BootiqueUtilsTest: void moduleProviderDependencies()>	59	<io.bootique.BootiqueUtilsTest: void moduleProviderDependencies()>/testModuleProvider1#_50
<io.bootique.BootiqueUtilsTest: void moduleProviderDependencies()>/io.bootique.BQModuleMetadata$Builder.build/1	<io.bootique.BQModuleMetadata$Builder: io.bootique.BQModuleMetadata build()>	<io.bootique.BootiqueUtilsTest: void moduleProviderDependencies()>	63	<io.bootique.BootiqueUtilsTest: void moduleProviderDependencies()>/builder2#_61
<io.bootique.BootiqueUtilsTest: void moduleProviderDependencies()>/io.bootique.BQModuleProvider.moduleBuilder/1	<io.bootique.BQModuleProvider: io.bootique.BQModuleMetadata$Builder moduleBuilder()>	<io.bootique.BootiqueUtilsTest: void moduleProviderDependencies()>	64	<io.bootique.BootiqueUtilsTest: void moduleProviderDependencies()>/testModuleProvider2#_51
<io.bootique.BootiqueUtilsTest: void moduleProviderDependencies()>/io.bootique.BQModuleMetadata$Builder.build/2	<io.bootique.BQModuleMetadata$Builder: io.bootique.BQModuleMetadata build()>	<io.bootique.BootiqueUtilsTest: void moduleProviderDependencies()>	68	<io.bootique.BootiqueUtilsTest: void moduleProviderDependencies()>/builder3#_66
<io.bootique.BootiqueUtilsTest: void moduleProviderDependencies()>/io.bootique.BQModuleProvider.moduleBuilder/2	<io.bootique.BQModuleProvider: io.bootique.BQModuleMetadata$Builder moduleBuilder()>	<io.bootique.BootiqueUtilsTest: void moduleProviderDependencies()>	69	<io.bootique.BootiqueUtilsTest: void moduleProviderDependencies()>/testModuleProvider3#_52
<io.bootique.BootiqueUtilsTest: void moduleProviderDependenciesTwoLevels()>/io.bootique.BQModuleProvider.dependencies/0	<io.bootique.BQModuleProvider: java.util.Collection dependencies()>	<io.bootique.BootiqueUtilsTest: void moduleProviderDependenciesTwoLevels()>	95	<io.bootique.BootiqueUtilsTest: void moduleProviderDependenciesTwoLevels()>/testModuleProvider1#_91
<io.bootique.BootiqueUtilsTest: void moduleProviderDependenciesTwoLevels()>/io.bootique.BQModuleMetadata$Builder.build/0	<io.bootique.BQModuleMetadata$Builder: io.bootique.BQModuleMetadata build()>	<io.bootique.BootiqueUtilsTest: void moduleProviderDependenciesTwoLevels()>	99	<io.bootique.BootiqueUtilsTest: void moduleProviderDependenciesTwoLevels()>/builder1#_97
<io.bootique.BootiqueUtilsTest: void moduleProviderDependenciesTwoLevels()>/io.bootique.BQModuleProvider.moduleBuilder/0	<io.bootique.BQModuleProvider: io.bootique.BQModuleMetadata$Builder moduleBuilder()>	<io.bootique.BootiqueUtilsTest: void moduleProviderDependenciesTwoLevels()>	100	<io.bootique.BootiqueUtilsTest: void moduleProviderDependenciesTwoLevels()>/testModuleProvider1#_91
<io.bootique.BootiqueUtilsTest: void moduleProviderDependenciesTwoLevels()>/io.bootique.BQModuleMetadata$Builder.build/1	<io.bootique.BQModuleMetadata$Builder: io.bootique.BQModuleMetadata build()>	<io.bootique.BootiqueUtilsTest: void moduleProviderDependenciesTwoLevels()>	104	<io.bootique.BootiqueUtilsTest: void moduleProviderDependenciesTwoLevels()>/builder2#_102
<io.bootique.BootiqueUtilsTest: void moduleProviderDependenciesTwoLevels()>/io.bootique.BQModuleProvider.moduleBuilder/1	<io.bootique.BQModuleProvider: io.bootique.BQModuleMetadata$Builder moduleBuilder()>	<io.bootique.BootiqueUtilsTest: void moduleProviderDependenciesTwoLevels()>	105	<io.bootique.BootiqueUtilsTest: void moduleProviderDependenciesTwoLevels()>/testModuleProvider2#_92
<io.bootique.BootiqueUtilsTest: void moduleProviderDependenciesTwoLevels()>/io.bootique.BQModuleMetadata$Builder.build/2	<io.bootique.BQModuleMetadata$Builder: io.bootique.BQModuleMetadata build()>	<io.bootique.BootiqueUtilsTest: void moduleProviderDependenciesTwoLevels()>	109	<io.bootique.BootiqueUtilsTest: void moduleProviderDependenciesTwoLevels()>/builder3#_107
<io.bootique.BootiqueUtilsTest: void moduleProviderDependenciesTwoLevels()>/io.bootique.BQModuleProvider.moduleBuilder/2	<io.bootique.BQModuleProvider: io.bootique.BQModuleMetadata$Builder moduleBuilder()>	<io.bootique.BootiqueUtilsTest: void moduleProviderDependenciesTwoLevels()>	110	<io.bootique.BootiqueUtilsTest: void moduleProviderDependenciesTwoLevels()>/testModuleProvider3#_93
<io.bootique.BootiqueUtilsTest: void moduleProviderDependenciesCircular()>/io.bootique.BQModuleProvider.dependencies/0	<io.bootique.BQModuleProvider: java.util.Collection dependencies()>	<io.bootique.BootiqueUtilsTest: void moduleProviderDependenciesCircular()>	136	<io.bootique.BootiqueUtilsTest: void moduleProviderDependenciesCircular()>/testModuleProvider1#_132
<io.bootique.BootiqueUtilsTest: void moduleProviderDependenciesCircular()>/io.bootique.BQModuleMetadata$Builder.build/0	<io.bootique.BQModuleMetadata$Builder: io.bootique.BQModuleMetadata build()>	<io.bootique.BootiqueUtilsTest: void moduleProviderDependenciesCircular()>	140	<io.bootique.BootiqueUtilsTest: void moduleProviderDependenciesCircular()>/builder1#_138
<io.bootique.BootiqueUtilsTest: void moduleProviderDependenciesCircular()>/io.bootique.BQModuleProvider.moduleBuilder/0	<io.bootique.BQModuleProvider: io.bootique.BQModuleMetadata$Builder moduleBuilder()>	<io.bootique.BootiqueUtilsTest: void moduleProviderDependenciesCircular()>	141	<io.bootique.BootiqueUtilsTest: void moduleProviderDependenciesCircular()>/testModuleProvider1#_132
<io.bootique.BootiqueUtilsTest: void moduleProviderDependenciesCircular()>/io.bootique.BQModuleMetadata$Builder.build/1	<io.bootique.BQModuleMetadata$Builder: io.bootique.BQModuleMetadata build()>	<io.bootique.BootiqueUtilsTest: void moduleProviderDependenciesCircular()>	145	<io.bootique.BootiqueUtilsTest: void moduleProviderDependenciesCircular()>/builder2#_143
<io.bootique.BootiqueUtilsTest: void moduleProviderDependenciesCircular()>/io.bootique.BQModuleProvider.moduleBuilder/1	<io.bootique.BQModuleProvider: io.bootique.BQModuleMetadata$Builder moduleBuilder()>	<io.bootique.BootiqueUtilsTest: void moduleProviderDependenciesCircular()>	146	<io.bootique.BootiqueUtilsTest: void moduleProviderDependenciesCircular()>/testModuleProvider2#_133
<io.bootique.BootiqueUtilsTest: void moduleProviderDependenciesCircular()>/io.bootique.BQModuleMetadata$Builder.build/2	<io.bootique.BQModuleMetadata$Builder: io.bootique.BQModuleMetadata build()>	<io.bootique.BootiqueUtilsTest: void moduleProviderDependenciesCircular()>	150	<io.bootique.BootiqueUtilsTest: void moduleProviderDependenciesCircular()>/builder3#_148
<io.bootique.BootiqueUtilsTest: void moduleProviderDependenciesCircular()>/io.bootique.BQModuleProvider.moduleBuilder/2	<io.bootique.BQModuleProvider: io.bootique.BQModuleMetadata$Builder moduleBuilder()>	<io.bootique.BootiqueUtilsTest: void moduleProviderDependenciesCircular()>	151	<io.bootique.BootiqueUtilsTest: void moduleProviderDependenciesCircular()>/testModuleProvider3#_134
<io.bootique.shutdown.DefaultShutdownManager: java.util.Optional shutdownOne(java.lang.AutoCloseable)>/java.lang.AutoCloseable.close/0	<java.lang.AutoCloseable: void close()>	<io.bootique.shutdown.DefaultShutdownManager: java.util.Optional shutdownOne(java.lang.AutoCloseable)>	87	<io.bootique.shutdown.DefaultShutdownManager: java.util.Optional shutdownOne(java.lang.AutoCloseable)>/closeable#_0
<io.bootique.shutdown.DefaultShutdownManagerIT: void testShutdown()>/java.lang.AutoCloseable.close/0	<java.lang.AutoCloseable: void close()>	<io.bootique.shutdown.DefaultShutdownManagerIT: void testShutdown()>	51	<io.bootique.shutdown.DefaultShutdownManagerIT: void testShutdown()>/$stack10
<io.bootique.shutdown.DefaultShutdownManagerIT: void testShutdown()>/java.lang.AutoCloseable.close/1	<java.lang.AutoCloseable: void close()>	<io.bootique.shutdown.DefaultShutdownManagerIT: void testShutdown()>	52	<io.bootique.shutdown.DefaultShutdownManagerIT: void testShutdown()>/$stack13
<io.bootique.shutdown.DefaultShutdownManagerIT: void testShutdown_Unresponsive_Timeout()>/java.lang.AutoCloseable.close/1	<java.lang.AutoCloseable: void close()>	<io.bootique.shutdown.DefaultShutdownManagerIT: void testShutdown_Unresponsive_Timeout()>	73	<io.bootique.shutdown.DefaultShutdownManagerIT: void testShutdown_Unresponsive_Timeout()>/$stack20
<io.bootique.shutdown.DefaultShutdownManagerTest: void testShutdownOne()>/java.lang.AutoCloseable.close/0	<java.lang.AutoCloseable: void close()>	<io.bootique.shutdown.DefaultShutdownManagerTest: void testShutdownOne()>	52	<io.bootique.shutdown.DefaultShutdownManagerTest: void testShutdownOne()>/$stack6
<io.bootique.shutdown.DefaultShutdownManagerTest: void testShutdownAll()>/java.lang.AutoCloseable.close/0	<java.lang.AutoCloseable: void close()>	<io.bootique.shutdown.DefaultShutdownManagerTest: void testShutdownAll()>	61	<io.bootique.shutdown.DefaultShutdownManagerTest: void testShutdownAll()>/$stack9
<io.bootique.shutdown.DefaultShutdownManagerTest: void testShutdownAll()>/java.lang.AutoCloseable.close/1	<java.lang.AutoCloseable: void close()>	<io.bootique.shutdown.DefaultShutdownManagerTest: void testShutdownAll()>	62	<io.bootique.shutdown.DefaultShutdownManagerTest: void testShutdownAll()>/$stack12
<io.bootique.BootiqueUtilsTest: void moduleProviderDependencies()>/io.bootique.BQModuleProvider.moduleBuilder/3	<io.bootique.BQModuleProvider: io.bootique.BQModuleMetadata$Builder moduleBuilder()>	<io.bootique.BootiqueUtilsTest: void moduleProviderDependencies()>	80	<io.bootique.BootiqueUtilsTest: void moduleProviderDependencies()>/$stack56
<io.bootique.BootiqueUtilsTest: void moduleProviderDependencies()>/io.bootique.BQModuleProvider.moduleBuilder/4	<io.bootique.BQModuleProvider: io.bootique.BQModuleMetadata$Builder moduleBuilder()>	<io.bootique.BootiqueUtilsTest: void moduleProviderDependencies()>	82	<io.bootique.BootiqueUtilsTest: void moduleProviderDependencies()>/$stack64
<io.bootique.BootiqueUtilsTest: void moduleProviderDependencies()>/io.bootique.BQModuleProvider.moduleBuilder/5	<io.bootique.BQModuleProvider: io.bootique.BQModuleMetadata$Builder moduleBuilder()>	<io.bootique.BootiqueUtilsTest: void moduleProviderDependencies()>	84	<io.bootique.BootiqueUtilsTest: void moduleProviderDependencies()>/$stack72
<io.bootique.BootiqueUtilsTest: void moduleProviderDependenciesTwoLevels()>/io.bootique.BQModuleProvider.moduleBuilder/3	<io.bootique.BQModuleProvider: io.bootique.BQModuleMetadata$Builder moduleBuilder()>	<io.bootique.BootiqueUtilsTest: void moduleProviderDependenciesTwoLevels()>	121	<io.bootique.BootiqueUtilsTest: void moduleProviderDependenciesTwoLevels()>/$stack56
<io.bootique.BootiqueUtilsTest: void moduleProviderDependenciesTwoLevels()>/io.bootique.BQModuleProvider.moduleBuilder/4	<io.bootique.BQModuleProvider: io.bootique.BQModuleMetadata$Builder moduleBuilder()>	<io.bootique.BootiqueUtilsTest: void moduleProviderDependenciesTwoLevels()>	123	<io.bootique.BootiqueUtilsTest: void moduleProviderDependenciesTwoLevels()>/$stack64
<io.bootique.BootiqueUtilsTest: void moduleProviderDependenciesTwoLevels()>/io.bootique.BQModuleProvider.moduleBuilder/5	<io.bootique.BQModuleProvider: io.bootique.BQModuleMetadata$Builder moduleBuilder()>	<io.bootique.BootiqueUtilsTest: void moduleProviderDependenciesTwoLevels()>	125	<io.bootique.BootiqueUtilsTest: void moduleProviderDependenciesTwoLevels()>/$stack72
<io.bootique.BootiqueUtilsTest: void moduleProviderDependenciesCircular()>/io.bootique.BQModuleProvider.moduleBuilder/3	<io.bootique.BQModuleProvider: io.bootique.BQModuleMetadata$Builder moduleBuilder()>	<io.bootique.BootiqueUtilsTest: void moduleProviderDependenciesCircular()>	162	<io.bootique.BootiqueUtilsTest: void moduleProviderDependenciesCircular()>/$stack56
<io.bootique.BootiqueUtilsTest: void moduleProviderDependenciesCircular()>/io.bootique.BQModuleProvider.moduleBuilder/4	<io.bootique.BQModuleProvider: io.bootique.BQModuleMetadata$Builder moduleBuilder()>	<io.bootique.BootiqueUtilsTest: void moduleProviderDependenciesCircular()>	164	<io.bootique.BootiqueUtilsTest: void moduleProviderDependenciesCircular()>/$stack64
<io.bootique.BootiqueUtilsTest: void moduleProviderDependenciesCircular()>/io.bootique.BQModuleProvider.moduleBuilder/5	<io.bootique.BQModuleProvider: io.bootique.BQModuleMetadata$Builder moduleBuilder()>	<io.bootique.BootiqueUtilsTest: void moduleProviderDependenciesCircular()>	166	<io.bootique.BootiqueUtilsTest: void moduleProviderDependenciesCircular()>/$stack72
<io.bootique.BootiqueUtilsTest: void moduleProviderDependencies()>/io.bootique.BQModuleProvider.dependencies/1	<io.bootique.BQModuleProvider: java.util.Collection dependencies()>	<io.bootique.BootiqueUtilsTest: void moduleProviderDependencies()>	79	<io.bootique.BootiqueUtilsTest: void moduleProviderDependencies()>/$stack52
<io.bootique.BootiqueUtilsTest: void moduleProviderDependencies()>/io.bootique.BQModuleProvider.dependencies/2	<io.bootique.BQModuleProvider: java.util.Collection dependencies()>	<io.bootique.BootiqueUtilsTest: void moduleProviderDependencies()>	81	<io.bootique.BootiqueUtilsTest: void moduleProviderDependencies()>/$stack60
<io.bootique.BootiqueUtilsTest: void moduleProviderDependencies()>/io.bootique.BQModuleProvider.dependencies/3	<io.bootique.BQModuleProvider: java.util.Collection dependencies()>	<io.bootique.BootiqueUtilsTest: void moduleProviderDependencies()>	83	<io.bootique.BootiqueUtilsTest: void moduleProviderDependencies()>/$stack68
<io.bootique.BootiqueUtilsTest: void moduleProviderDependenciesTwoLevels()>/io.bootique.BQModuleProvider.dependencies/1	<io.bootique.BQModuleProvider: java.util.Collection dependencies()>	<io.bootique.BootiqueUtilsTest: void moduleProviderDependenciesTwoLevels()>	120	<io.bootique.BootiqueUtilsTest: void moduleProviderDependenciesTwoLevels()>/$stack52
<io.bootique.BootiqueUtilsTest: void moduleProviderDependenciesTwoLevels()>/io.bootique.BQModuleProvider.dependencies/2	<io.bootique.BQModuleProvider: java.util.Collection dependencies()>	<io.bootique.BootiqueUtilsTest: void moduleProviderDependenciesTwoLevels()>	122	<io.bootique.BootiqueUtilsTest: void moduleProviderDependenciesTwoLevels()>/$stack60
<io.bootique.BootiqueUtilsTest: void moduleProviderDependenciesTwoLevels()>/io.bootique.BQModuleProvider.dependencies/3	<io.bootique.BQModuleProvider: java.util.Collection dependencies()>	<io.bootique.BootiqueUtilsTest: void moduleProviderDependenciesTwoLevels()>	124	<io.bootique.BootiqueUtilsTest: void moduleProviderDependenciesTwoLevels()>/$stack68
<io.bootique.BootiqueUtilsTest: void moduleProviderDependenciesCircular()>/io.bootique.BQModuleProvider.dependencies/1	<io.bootique.BQModuleProvider: java.util.Collection dependencies()>	<io.bootique.BootiqueUtilsTest: void moduleProviderDependenciesCircular()>	161	<io.bootique.BootiqueUtilsTest: void moduleProviderDependenciesCircular()>/$stack52
<io.bootique.BootiqueUtilsTest: void moduleProviderDependenciesCircular()>/io.bootique.BQModuleProvider.dependencies/2	<io.bootique.BQModuleProvider: java.util.Collection dependencies()>	<io.bootique.BootiqueUtilsTest: void moduleProviderDependenciesCircular()>	163	<io.bootique.BootiqueUtilsTest: void moduleProviderDependenciesCircular()>/$stack60
<io.bootique.BootiqueUtilsTest: void moduleProviderDependenciesCircular()>/io.bootique.BQModuleProvider.dependencies/3	<io.bootique.BQModuleProvider: java.util.Collection dependencies()>	<io.bootique.BootiqueUtilsTest: void moduleProviderDependenciesCircular()>	165	<io.bootique.BootiqueUtilsTest: void moduleProviderDependenciesCircular()>/$stack68
