<org.apache.flink.util.MethodForwardingTestUtil: void testMethodForwarding(java.lang.Class,java.util.function.Function,java.util.function.Supplier,java.util.Set)>/$stack36
<org.powermock.api.mockito.mockpolicies.Slf4jMockPolicy: void initializeMockForThread(org.powermock.mockpolicies.support.LogPolicySupport)>/mock#_84
<org.apache.flink.core.fs.LimitedConnectionsFileSystemDelegationTest: void testDelegateFsMethods()>/$stack16
<org.apache.flink.core.fs.LimitedConnectionsFileSystemDelegationTest: void testDelegateFsMethods()>/$stack24
<org.apache.flink.core.fs.LimitedConnectionsFileSystemDelegationTest: void testDelegateFsMethods()>/$stack32
<org.apache.flink.core.fs.LimitedConnectionsFileSystemDelegationTest: void testDelegateFsMethods()>/$stack41
<org.apache.flink.core.fs.LimitedConnectionsFileSystemDelegationTest: void testDelegateFsMethods()>/$stack52
<org.apache.flink.core.fs.LimitedConnectionsFileSystemDelegationTest: void testDelegateFsMethods()>/fs#_51
<org.apache.flink.core.fs.LimitedConnectionsFileSystemDelegationTest: void testDelegateFsMethods()>/path#_76
<org.apache.flink.core.fs.LimitedConnectionsFileSystemDelegationTest: void testDelegateFsMethods()>/path#2#_82
<org.apache.flink.core.fs.LimitedConnectionsFileSystemDelegationTest: void testDelegateFsMethods()>/path_$$A_1#_90
<org.apache.flink.core.fs.LimitedConnectionsFileSystemDelegationTest: void testDelegateFsMethods()>/path_$$A_2#_97
<org.apache.flink.core.fs.LimitedConnectionsFileSystemDelegationTest: void testDelegateFsMethods()>/path_$$A_3#_106
<org.apache.flink.core.fs.LimitedConnectionsFileSystemDelegationTest: void testDelegateFsMethods()>/path_$$A_4#_112
<org.apache.flink.core.fs.LimitedConnectionsFileSystemDelegationTest: void testDelegateFsMethods()>/path_$$A_5#_118
<org.apache.flink.core.fs.LimitedConnectionsFileSystemDelegationTest: void testDelegateFsMethods()>/path_$$A_6#_125
<org.apache.flink.core.fs.LimitedConnectionsFileSystemDelegationTest: void testDelegateFsMethods()>/path_$$A_7#_131
<org.apache.flink.core.fs.LimitedConnectionsFileSystemDelegationTest: void testDelegateFsMethods()>/path_$$A_8#_142
<org.apache.flink.core.fs.LimitedConnectionsFileSystemDelegationTest: void testDelegateFsMethods()>/path_$$A_9#_149
<org.apache.flink.core.fs.LimitedConnectionsFileSystemDelegationTest: void testDelegateOutStreamMethods()>/mockOut#_168
<org.apache.flink.core.fs.LimitedConnectionsFileSystemDelegationTest: void testDelegateOutStreamMethods()>/fs#_172
<org.apache.flink.core.fs.LimitedConnectionsFileSystemDelegationTest: void testDelegateOutStreamMethods()>/$stack25
<org.apache.flink.core.fs.LimitedConnectionsFileSystemDelegationTest: void testDelegateInStreamMethods()>/mockIn#_204
<org.apache.flink.core.fs.LimitedConnectionsFileSystemDelegationTest: void testDelegateInStreamMethods()>/fs#_216
<org.apache.flink.core.fs.LimitedConnectionsFileSystemDelegationTest: void testDelegateInStreamMethods()>/$stack49
<org.apache.flink.api.common.io.InputStreamFSInputWrapperTest: void testClose()>/mockedInputStream#_32
<org.powermock.api.extension.listener.AnnotationEnabler: void standardInject(java.lang.Object)>/$stack19
<org.apache.flink.core.fs.LimitedConnectionsFileSystemDelegationTest: void testDelegateFsMethods()>/pos#20#_150
<org.apache.flink.core.fs.LimitedConnectionsFileSystemDelegationTest: void testDelegateFsMethods()>/$stack31
<org.apache.flink.core.fs.LimitedConnectionsFileSystemDelegationTest: void testDelegateFsMethods()>/$stack40
<org.apache.flink.core.fs.LimitedConnectionsFileSystemDelegationTest: void testDelegateFsMethods()>/$stack51
<org.apache.flink.core.fs.LimitedConnectionsFileSystemDelegationTest: void testDelegateOutStreamMethods()>/$stack8
<org.apache.flink.core.fs.LimitedConnectionsFileSystemDelegationTest: void testDelegateOutStreamMethods()>/$stack27
<org.apache.flink.core.fs.LimitedConnectionsFileSystemDelegationTest: void testDelegateOutStreamMethods()>/$stack28
<org.apache.flink.core.fs.LimitedConnectionsFileSystemDelegationTest: void testDelegateOutStreamMethods()>/$stack29
<org.apache.flink.core.fs.LimitedConnectionsFileSystemDelegationTest: void testDelegateOutStreamMethods()>/$stack30
<org.apache.flink.core.fs.LimitedConnectionsFileSystemDelegationTest: void testDelegateOutStreamMethods()>/$stack33
<org.apache.flink.core.fs.LimitedConnectionsFileSystemDelegationTest: void testDelegateOutStreamMethods()>/$stack34
<org.apache.flink.core.fs.LimitedConnectionsFileSystemDelegationTest: void testDelegateOutStreamMethods()>/$stack35
<org.apache.flink.core.fs.LimitedConnectionsFileSystemDelegationTest: void testDelegateOutStreamMethods()>/$stack36
<org.apache.flink.core.fs.LimitedConnectionsFileSystemDelegationTest: void testDelegateOutStreamMethods()>/$stack37
<org.apache.flink.core.fs.LimitedConnectionsFileSystemDelegationTest: void testDelegateOutStreamMethods()>/$stack38
<org.apache.flink.core.fs.LimitedConnectionsFileSystemDelegationTest: void testDelegateFsMethods()>/$stack10
<org.apache.flink.core.fs.LimitedConnectionsFileSystemDelegationTest: void testDelegateFsMethods()>/$stack57
<org.apache.flink.core.fs.LimitedConnectionsFileSystemDelegationTest: void testDelegateFsMethods()>/$stack58
<org.apache.flink.core.fs.LimitedConnectionsFileSystemDelegationTest: void testDelegateFsMethods()>/$stack61
<org.apache.flink.core.fs.LimitedConnectionsFileSystemDelegationTest: void testDelegateFsMethods()>/$stack62
<org.apache.flink.core.fs.LimitedConnectionsFileSystemDelegationTest: void testDelegateFsMethods()>/$stack65
<org.apache.flink.core.fs.LimitedConnectionsFileSystemDelegationTest: void testDelegateFsMethods()>/$stack66
<org.apache.flink.core.fs.LimitedConnectionsFileSystemDelegationTest: void testDelegateFsMethods()>/$stack69
<org.apache.flink.core.fs.LimitedConnectionsFileSystemDelegationTest: void testDelegateFsMethods()>/$stack70
<org.apache.flink.core.fs.LimitedConnectionsFileSystemDelegationTest: void testDelegateFsMethods()>/$stack74
<org.apache.flink.core.fs.LimitedConnectionsFileSystemDelegationTest: void testDelegateFsMethods()>/$stack75
<org.apache.flink.core.fs.LimitedConnectionsFileSystemDelegationTest: void testDelegateFsMethods()>/$stack83
<org.apache.flink.core.fs.LimitedConnectionsFileSystemDelegationTest: void testDelegateFsMethods()>/$stack86
<org.apache.flink.core.fs.LimitedConnectionsFileSystemDelegationTest: void testDelegateFsMethods()>/$stack91
<org.apache.flink.core.fs.LimitedConnectionsFileSystemDelegationTest: void testDelegateFsMethods()>/$stack92
<org.apache.flink.core.fs.LimitedConnectionsFileSystemDelegationTest: void testDelegateFsMethods()>/$stack96
<org.apache.flink.core.fs.LimitedConnectionsFileSystemDelegationTest: void testDelegateFsMethods()>/$stack97
<org.apache.flink.core.fs.LimitedConnectionsFileSystemDelegationTest: void testDelegateFsMethods()>/$stack100
<org.apache.flink.core.fs.LimitedConnectionsFileSystemDelegationTest: void testDelegateFsMethods()>/$stack101
<org.apache.flink.core.fs.LimitedConnectionsFileSystemDelegationTest: void testDelegateFsMethods()>/$stack105
<org.apache.flink.core.fs.LimitedConnectionsFileSystemDelegationTest: void testDelegateFsMethods()>/$stack106
<org.apache.flink.core.fs.LimitedConnectionsFileSystemDelegationTest: void testDelegateFsMethods()>/$stack110
<org.apache.flink.core.fs.LimitedConnectionsFileSystemDelegationTest: void testDelegateFsMethods()>/$stack111
<org.apache.flink.core.fs.LimitedConnectionsFileSystemDelegationTest: void testDelegateFsMethods()>/$stack116
<org.apache.flink.core.fs.LimitedConnectionsFileSystemDelegationTest: void testDelegateFsMethods()>/$stack117
<org.apache.flink.core.fs.LimitedConnectionsFileSystemDelegationTest: void testDelegateFsMethods()>/$stack121
<org.apache.flink.core.fs.LimitedConnectionsFileSystemDelegationTest: void testDelegateFsMethods()>/$stack122
<org.apache.flink.core.fs.LimitedConnectionsFileSystemDelegationTest: void testDelegateFsMethods()>/$stack130
<org.apache.flink.core.fs.LimitedConnectionsFileSystemDelegationTest: void testDelegateFsMethods()>/$stack131
<org.apache.flink.core.fs.LimitedConnectionsFileSystemDelegationTest: void testDelegateFsMethods()>/$stack136
<org.apache.flink.core.fs.LimitedConnectionsFileSystemDelegationTest: void testDelegateFsMethods()>/$stack137
<org.apache.flink.core.fs.LimitedConnectionsFileSystemDelegationTest: void testDelegateFsMethods()>/$stack142
<org.apache.flink.core.fs.LimitedConnectionsFileSystemDelegationTest: void testDelegateFsMethods()>/$stack143
<org.apache.flink.core.fs.LimitedConnectionsFileSystemDelegationTest: void testDelegateFsMethods()>/$stack150
<org.apache.flink.core.fs.LimitedConnectionsFileSystemDelegationTest: void testDelegateFsMethods()>/$stack151
<org.apache.flink.core.fs.LimitedConnectionsFileSystemDelegationTest: void testDelegateOutStreamMethods()>/$stack14
<org.apache.flink.core.fs.LimitedConnectionsFileSystemDelegationTest: void testDelegateInStreamMethods()>/$stack41
<org.apache.flink.core.fs.LimitedConnectionsFileSystemDelegationTest: void testDelegateFsMethods()>/$stack72
<org.apache.flink.core.fs.LimitedConnectionsFileSystemDelegationTest: void testDelegateFsMethods()>/$stack88
<org.apache.flink.core.fs.LimitedConnectionsFileSystemDelegationTest: void testDelegateFsMethods()>/$stack94
<org.apache.flink.core.fs.LimitedConnectionsFileSystemDelegationTest: void testDelegateFsMethods()>/$stack103
<org.apache.flink.core.fs.LimitedConnectionsFileSystemDelegationTest: void testDelegateFsMethods()>/$stack108
<org.apache.flink.core.fs.LimitedConnectionsFileSystemDelegationTest: void testDelegateFsMethods()>/$stack113
<org.apache.flink.core.fs.LimitedConnectionsFileSystemDelegationTest: void testDelegateFsMethods()>/$stack119
<org.apache.flink.core.fs.LimitedConnectionsFileSystemDelegationTest: void testDelegateFsMethods()>/$stack124
<org.apache.flink.core.fs.LimitedConnectionsFileSystemDelegationTest: void testDelegateFsMethods()>/$stack133
<org.apache.flink.core.fs.LimitedConnectionsFileSystemDelegationTest: void testDelegateFsMethods()>/$stack139
<org.apache.flink.core.fs.LimitedConnectionsFileSystemDelegationTest: void testDelegateFsMethods()>/$stack140
<org.apache.flink.core.fs.LimitedConnectionsFileSystemDelegationTest: void testDelegateOutStreamMethods()>/$stack23
<org.apache.flink.core.fs.LimitedConnectionsFileSystemDelegationTest: void testDelegateInStreamMethods()>/$stack48
<org.apache.flink.core.fs.LimitedConnectionsFileSystemDelegationTest: void testDelegateFsMethods()>/$stack77
<org.apache.flink.core.fs.LimitedConnectionsFileSystemDelegationTest: void testDelegateFsMethods()>/$stack15
<org.apache.flink.core.fs.LimitedConnectionsFileSystemDelegationTest: void testDelegateFsMethods()>/$stack23
<org.apache.flink.core.fs.LimitedConnectionsFileSystemDelegationTest: void testDelegateInStreamMethods()>/$stack11
<org.apache.flink.core.fs.LimitedConnectionsFileSystemDelegationTest: void testDelegateInStreamMethods()>/$stack60
<org.apache.flink.core.fs.LimitedConnectionsFileSystemDelegationTest: void testDelegateInStreamMethods()>/$stack61
<org.apache.flink.core.fs.LimitedConnectionsFileSystemDelegationTest: void testDelegateInStreamMethods()>/$stack68
<org.apache.flink.core.fs.LimitedConnectionsFileSystemDelegationTest: void testDelegateInStreamMethods()>/$stack69
<org.apache.flink.core.fs.LimitedConnectionsFileSystemDelegationTest: void testDelegateInStreamMethods()>/$stack70
<org.apache.flink.core.fs.LimitedConnectionsFileSystemDelegationTest: void testDelegateInStreamMethods()>/$stack71
<org.apache.flink.api.common.io.InputStreamFSInputWrapperTest: void testClose()>/$stack3
<org.apache.flink.api.common.io.InputStreamFSInputWrapperTest: void testClose()>/$stack5
<org.apache.flink.api.common.io.InputStreamFSInputWrapperTest: void testClose()>/$stack6
<org.apache.flink.util.MethodForwardingTestUtil: void testMethodForwarding(java.lang.Class,java.util.function.Function,java.util.function.Supplier,java.util.Set)>/$stack43
<org.mockito.Mockito: java.lang.Object verify(java.lang.Object)>/$stack3
<org.mockito.Mockito: java.lang.Object verify(java.lang.Object,org.mockito.verification.VerificationMode)>/$stack3
<org.mockito.BDDMockito$ThenImpl: java.lang.Object should()>/$stack2
<org.mockito.BDDMockito$ThenImpl: java.lang.Object should(org.mockito.verification.VerificationMode)>/$stack3
<org.mockito.BDDMockito$ThenImpl: java.lang.Object should(org.mockito.InOrder)>/$stack3
<org.mockito.BDDMockito$ThenImpl: java.lang.Object should(org.mockito.InOrder,org.mockito.verification.VerificationMode)>/$stack4
<org.mockito.internal.InOrderImpl: java.lang.Object verify(java.lang.Object)>/$stack3
<org.mockito.internal.InOrderImpl: java.lang.Object verify(java.lang.Object,org.mockito.verification.VerificationMode)>/$stack21
<org.mockito.internal.InOrderImpl: java.lang.Object verify(java.lang.Object,org.mockito.verification.VerificationMode)>/$stack10
