<ca.liang.PayRollMockTest: void testIteration()>/employees1_intra#_169	<ca.liang.PayRollMockTest: void testIteration()>
<ca.liang.PayRollMockTest: void testVector()>/employees0_intra#_204	<ca.liang.PayRollMockTest: void testVector()>
<ca.liang.PayRollMockMarginalCollectionsTest: void init()>/$stack37	<ca.liang.PayRollMockMarginalCollectionsTest: void init()>
<ca.liang.PayRollMockMarginalCollectionsTest: void init()>/$stack42	<ca.liang.PayRollMockMarginalCollectionsTest: void init()>
<ca.liang.PayRollMockMarginalCollectionsTest: void init()>/$stack44	<ca.liang.PayRollMockMarginalCollectionsTest: void init()>
<ca.liang.PayRollMultipleEmployee2Test: void init()>/$stack17	<ca.liang.PayRollMultipleEmployee2Test: void init()>
<ca.liang.PayRollMultipleEmployeeTest: void init()>/$stack17	<ca.liang.PayRollMultipleEmployeeTest: void init()>
<ca.liang.PayRollMultipleEmployeeTest: void testAllEmployeesArePaid2()>/$stack14	<ca.liang.PayRollMultipleEmployeeTest: void testAllEmployeesArePaid2()>
<ca.liang.PayRollMockTest: void testAddAll()>/employees1_intra#_142	<ca.liang.PayRollMockTest: void testAddAll()>
<ca.liang.PayRollMultipleEmployee2Test: void init()>/mockEmployessList#_31	<ca.liang.PayRollMultipleEmployee2Test: void init()>
<ca.liang.PayRollMultipleEmployeeTest: void init()>/mockEmployessList#_31	<ca.liang.PayRollMultipleEmployeeTest: void init()>
<ca.liang.PayRollMultipleEmployeeTest: void testAllEmployeesArePaid2()>/mockEmployessList#_76	<ca.liang.PayRollMultipleEmployeeTest: void testAllEmployeesArePaid2()>
<ca.liang.PayRollMockTest: void testAddAll()>/employees2_intra#_143	<ca.liang.PayRollMockTest: void testAddAll()>
<ca.liang.PayRollMockTest: void testIteration()>/$stack20	<ca.liang.PayRollMockTest: void testIteration()>
<ca.liang.PayRollMockTest: void testIteration()>/ee#6#_190	<ca.liang.PayRollMockTest: void testIteration()>
<ca.liang.PayRollMockTest: void testVector()>/$stack14	<ca.liang.PayRollMockTest: void testVector()>
<ca.liang.PayRollMockTest: void testVector()>/employees1_intra#_211	<ca.liang.PayRollMockTest: void testVector()>
<ca.liang.PayRollMockTest: void testVector2()>/employees1_intra#_227	<ca.liang.PayRollMockTest: void testVector2()>
<ca.liang.PayRollMockTest: void testVector2()>/employees2_intra#_229	<ca.liang.PayRollMockTest: void testVector2()>
<ca.liang.PayRollMockTest: void testVectorToArray()>/employees1_intra#_258	<ca.liang.PayRollMockTest: void testVectorToArray()>
<ca.liang.PayRollMockTest: void testArrayToVector()>/employees1_intra#_281	<ca.liang.PayRollMockTest: void testArrayToVector()>
<ca.liang.PayRollMockMarginalCollectionsTest: void testFloorCeiling()>/ts_intra#_279	<ca.liang.PayRollMockMarginalCollectionsTest: void testFloorCeiling()>
<ca.liang.PayRollMockMarginalCollectionsTest: void testHigherLower()>/ts_intra#_303	<ca.liang.PayRollMockMarginalCollectionsTest: void testHigherLower()>
<ca.liang.PayRollMockMarginalCollectionsTest: void testHeadSet()>/ts_intra#_326	<ca.liang.PayRollMockMarginalCollectionsTest: void testHeadSet()>
<ca.liang.PayRollMockMarginalCollectionsTest: void testTailSet()>/ts_intra#_350	<ca.liang.PayRollMockMarginalCollectionsTest: void testTailSet()>
<ca.liang.PayRollMockMarginalCollectionsTest: void testSubSet()>/ts_intra#_374	<ca.liang.PayRollMockMarginalCollectionsTest: void testSubSet()>
<ca.liang.PayRollMockTest: void testIteration()>/employees1_sublist#_179	<ca.liang.PayRollMockTest: void testIteration()>
<ca.liang.PayRollMockTest: void testIteration()>/employees1_sublist#3#_184	<ca.liang.PayRollMockTest: void testIteration()>
<ca.liang.PayRollMockTest: void testIteration()>/ee_$$A_1#_185	<ca.liang.PayRollMockTest: void testIteration()>
<ca.liang.PayRollMockTest: void testIteration()>/ee_$$A_1_$$A_1_$$A_1#_191	<ca.liang.PayRollMockTest: void testIteration()>
<ca.liang.PayRollMockTest: void testVector()>/l4#_212	<ca.liang.PayRollMockTest: void testVector()>
<ca.liang.PayRollMockTest: void testVector2()>/it#_232	<ca.liang.PayRollMockTest: void testVector2()>
<ca.liang.PayRollMockMarginalCollectionsTest: void testDescendingSet()>/ds#_270	<ca.liang.PayRollMockMarginalCollectionsTest: void testDescendingSet()>
<ca.liang.PayRollMockMarginalCollectionsTest: void testHeadSet()>/sse#_338	<ca.liang.PayRollMockMarginalCollectionsTest: void testHeadSet()>
<ca.liang.PayRollMockMarginalCollectionsTest: void testHeadSet()>/ssei#_342	<ca.liang.PayRollMockMarginalCollectionsTest: void testHeadSet()>
<ca.liang.PayRollMockMarginalCollectionsTest: void testTailSet()>/sse#_362	<ca.liang.PayRollMockMarginalCollectionsTest: void testTailSet()>
<ca.liang.PayRollMockMarginalCollectionsTest: void testTailSet()>/ssei#_366	<ca.liang.PayRollMockMarginalCollectionsTest: void testTailSet()>
<ca.liang.PayRollMockMarginalCollectionsTest: void testSubSet()>/sse#_387	<ca.liang.PayRollMockMarginalCollectionsTest: void testSubSet()>
<ca.liang.PayRollMockMarginalCollectionsTest: void testSubSet()>/sse1#_391	<ca.liang.PayRollMockMarginalCollectionsTest: void testSubSet()>
<ca.liang.PayRollMultipleEmployee2Test: void testAllEmployeesArePaid()>/$stack14	<ca.liang.PayRollMultipleEmployee2Test: void testAllEmployeesArePaid()>
<ca.liang.PayRollMultipleEmployee2Test: void testAllEmployeesArePaid()>/$stack20	<ca.liang.PayRollMultipleEmployee2Test: void testAllEmployeesArePaid()>
<ca.liang.PayRollMultipleEmployee2Test: void testAllEmployeesArePaid()>/$stack26	<ca.liang.PayRollMultipleEmployee2Test: void testAllEmployeesArePaid()>
<ca.liang.PayRollMultipleEmployee2Test: void testAllEmployeesArePaid()>/$stack36	<ca.liang.PayRollMultipleEmployee2Test: void testAllEmployeesArePaid()>
<ca.liang.PayRollMultipleEmployeeTest: void testAllEmployeesArePaid1()>/$stack14	<ca.liang.PayRollMultipleEmployeeTest: void testAllEmployeesArePaid1()>
<ca.liang.PayRollMultipleEmployeeTest: void testAllEmployeesArePaid1()>/$stack20	<ca.liang.PayRollMultipleEmployeeTest: void testAllEmployeesArePaid1()>
<ca.liang.PayRollMultipleEmployeeTest: void testAllEmployeesArePaid1()>/$stack26	<ca.liang.PayRollMultipleEmployeeTest: void testAllEmployeesArePaid1()>
<ca.liang.PayRollMultipleEmployeeTest: void testAllEmployeesArePaid1()>/$stack36	<ca.liang.PayRollMultipleEmployeeTest: void testAllEmployeesArePaid1()>
<ca.liang.PayRollMultipleEmployeeTest: void testAllEmployeesArePaid2()>/$stack30	<ca.liang.PayRollMultipleEmployeeTest: void testAllEmployeesArePaid2()>
<ca.liang.PayRollMultipleEmployeeTest: void testAllEmployeesArePaid2()>/$stack36	<ca.liang.PayRollMultipleEmployeeTest: void testAllEmployeesArePaid2()>
<ca.liang.PayRollMultipleEmployeeTest: void testAllEmployeesArePaid2()>/$stack42	<ca.liang.PayRollMultipleEmployeeTest: void testAllEmployeesArePaid2()>
<ca.liang.PayRollMultipleEmployeeTest: void testAllEmployeesArePaid2()>/$stack52	<ca.liang.PayRollMultipleEmployeeTest: void testAllEmployeesArePaid2()>
<ca.liang.PayRollMockMarginalCollectionsTest: void init()>/$stack22	<ca.liang.PayRollMockMarginalCollectionsTest: void init()>
<ca.liang.PayRollMockMarginalCollectionsTest: void init()>/$stack24	<ca.liang.PayRollMockMarginalCollectionsTest: void init()>
<ca.liang.PayRollMockMarginalCollectionsTest: void init()>/$stack25	<ca.liang.PayRollMockMarginalCollectionsTest: void init()>
<ca.liang.PayRollMockMarginalCollectionsTest: void init()>/$stack26	<ca.liang.PayRollMockMarginalCollectionsTest: void init()>
<ca.liang.PayRollMockMarginalCollectionsTest: void init()>/$stack28	<ca.liang.PayRollMockMarginalCollectionsTest: void init()>
<ca.liang.PayRollMockMarginalCollectionsTest: void init()>/$stack30	<ca.liang.PayRollMockMarginalCollectionsTest: void init()>
<ca.liang.PayRollMockMarginalCollectionsTest: void init()>/$stack32	<ca.liang.PayRollMockMarginalCollectionsTest: void init()>
<ca.liang.PayRollMockMarginalCollectionsTest: void init()>/$stack34	<ca.liang.PayRollMockMarginalCollectionsTest: void init()>
<ca.liang.PayRollMockMarginalCollectionsTest: void init()>/$stack39	<ca.liang.PayRollMockMarginalCollectionsTest: void init()>
<ca.liang.PayRollMockMarginalCollectionsTest: void init()>/$stack61	<ca.liang.PayRollMockMarginalCollectionsTest: void init()>
<ca.liang.PayRollMockMarginalCollectionsTest: void init()>/$stack68	<ca.liang.PayRollMockMarginalCollectionsTest: void init()>
<ca.liang.PayRollMockMarginalCollectionsTest: void init()>/$stack75	<ca.liang.PayRollMockMarginalCollectionsTest: void init()>
<ca.liang.PayRollMockMarginalCollectionsTest: void init()>/$stack82	<ca.liang.PayRollMockMarginalCollectionsTest: void init()>
<ca.liang.PayRollMockMarginalCollectionsTest: void init()>/$stack89	<ca.liang.PayRollMockMarginalCollectionsTest: void init()>
<ca.liang.PayRollMockMarginalCollectionsTest: void test0()>/$stack2	<ca.liang.PayRollMockMarginalCollectionsTest: void test0()>
<ca.liang.PayRollMockMarginalCollectionsTest: void test1()>/$stack2	<ca.liang.PayRollMockMarginalCollectionsTest: void test1()>
<ca.liang.PayRollMockMarginalCollectionsTest: void test2()>/$stack2	<ca.liang.PayRollMockMarginalCollectionsTest: void test2()>
<ca.liang.PayRollMockMarginalCollectionsTest: void test3()>/$stack2	<ca.liang.PayRollMockMarginalCollectionsTest: void test3()>
<ca.liang.PayRollMockMarginalCollectionsTest: void test4()>/$stack2	<ca.liang.PayRollMockMarginalCollectionsTest: void test4()>
<ca.liang.PayRollMockMarginalCollectionsTest: void test5()>/$stack2	<ca.liang.PayRollMockMarginalCollectionsTest: void test5()>
<ca.liang.PayRollMockMarginalCollectionsTest: void test6()>/$stack2	<ca.liang.PayRollMockMarginalCollectionsTest: void test6()>
<ca.liang.PayRollMockMarginalCollectionsTest: void testPQ1()>/$stack2	<ca.liang.PayRollMockMarginalCollectionsTest: void testPQ1()>
<ca.liang.PayRollMockMarginalCollectionsTest: void testPQ2()>/$stack2	<ca.liang.PayRollMockMarginalCollectionsTest: void testPQ2()>
<ca.liang.PayRollMockMarginalCollectionsTest: void testPQ3()>/$stack2	<ca.liang.PayRollMockMarginalCollectionsTest: void testPQ3()>
<ca.liang.PayRollMockMarginalCollectionsTest: void testPQ4()>/$stack2	<ca.liang.PayRollMockMarginalCollectionsTest: void testPQ4()>
<ca.liang.PayRollMockMarginalCollectionsTest: void testTS()>/$stack2	<ca.liang.PayRollMockMarginalCollectionsTest: void testTS()>
<ca.liang.PayRollMockMarginalCollectionsTest: void testTS1()>/$stack2	<ca.liang.PayRollMockMarginalCollectionsTest: void testTS1()>
<ca.liang.PayRollMockMarginalCollectionsTest: void testDQ()>/$stack10	<ca.liang.PayRollMockMarginalCollectionsTest: void testDQ()>
<ca.liang.PayRollMockMarginalCollectionsTest: void testDQ()>/$stack13	<ca.liang.PayRollMockMarginalCollectionsTest: void testDQ()>
<ca.liang.PayRollMockMarginalCollectionsTest: void testDQ()>/$stack16	<ca.liang.PayRollMockMarginalCollectionsTest: void testDQ()>
<ca.liang.PayRollMockMarginalCollectionsTest: void testDQ()>/$stack19	<ca.liang.PayRollMockMarginalCollectionsTest: void testDQ()>
<ca.liang.PayRollMockMarginalCollectionsTest: void testDQ()>/$stack22	<ca.liang.PayRollMockMarginalCollectionsTest: void testDQ()>
<ca.liang.PayRollMockMarginalCollectionsTest: void testDQ()>/$stack31	<ca.liang.PayRollMockMarginalCollectionsTest: void testDQ()>
<ca.liang.PayRollMockMarginalCollectionsTest: void testDQ()>/$stack34	<ca.liang.PayRollMockMarginalCollectionsTest: void testDQ()>
<ca.liang.PayRollMockMarginalCollectionsTest: void testDQ()>/$stack25	<ca.liang.PayRollMockMarginalCollectionsTest: void testDQ()>
<ca.liang.PayRollMockMarginalCollectionsTest: void testDQ()>/$stack28	<ca.liang.PayRollMockMarginalCollectionsTest: void testDQ()>
<ca.liang.PayRollMockMarginalCollectionsTest: void testDescendingSet()>/$stack3	<ca.liang.PayRollMockMarginalCollectionsTest: void testDescendingSet()>
<ca.liang.PayRollMockMarginalCollectionsTest: void init()>/$stack36	<ca.liang.PayRollMockMarginalCollectionsTest: void init()>
<ca.liang.PayRollMockMarginalCollectionsTest: void init()>/$stack41	<ca.liang.PayRollMockMarginalCollectionsTest: void init()>
<ca.liang.PayRollMockMarginalCollectionsTest: void init()>/$stack43	<ca.liang.PayRollMockMarginalCollectionsTest: void init()>
