<org.apache.flink.core.fs.LimitedConnectionsFileSystemDelegationTest: void testDelegateFsMethods()>/org.apache.flink.core.fs.FileSystem.open/0	<org.apache.flink.core.fs.FileSystem: org.apache.flink.core.fs.FSDataInputStream open(org.apache.flink.core.fs.Path)>	<org.apache.flink.core.fs.LimitedConnectionsFileSystemDelegationTest: void testDelegateFsMethods()>	52	<org.apache.flink.core.fs.LimitedConnectionsFileSystemDelegationTest: void testDelegateFsMethods()>/fs#_51
<org.apache.flink.core.fs.LimitedConnectionsFileSystemDelegationTest: void testDelegateFsMethods()>/org.apache.flink.core.fs.FileSystem.open/1	<org.apache.flink.core.fs.FileSystem: org.apache.flink.core.fs.FSDataInputStream open(org.apache.flink.core.fs.Path,int)>	<org.apache.flink.core.fs.LimitedConnectionsFileSystemDelegationTest: void testDelegateFsMethods()>	53	<org.apache.flink.core.fs.LimitedConnectionsFileSystemDelegationTest: void testDelegateFsMethods()>/fs#_51
<org.apache.flink.core.fs.LimitedConnectionsFileSystemDelegationTest: void testDelegateFsMethods()>/org.apache.flink.core.fs.FileSystem.create/0	<org.apache.flink.core.fs.FileSystem: org.apache.flink.core.fs.FSDataOutputStream create(org.apache.flink.core.fs.Path,boolean)>	<org.apache.flink.core.fs.LimitedConnectionsFileSystemDelegationTest: void testDelegateFsMethods()>	54	<org.apache.flink.core.fs.LimitedConnectionsFileSystemDelegationTest: void testDelegateFsMethods()>/fs#_51
<org.apache.flink.core.fs.LimitedConnectionsFileSystemDelegationTest: void testDelegateFsMethods()>/org.apache.flink.core.fs.FileSystem.create/1	<org.apache.flink.core.fs.FileSystem: org.apache.flink.core.fs.FSDataOutputStream create(org.apache.flink.core.fs.Path,org.apache.flink.core.fs.FileSystem$WriteMode)>	<org.apache.flink.core.fs.LimitedConnectionsFileSystemDelegationTest: void testDelegateFsMethods()>	55	<org.apache.flink.core.fs.LimitedConnectionsFileSystemDelegationTest: void testDelegateFsMethods()>/fs#_51
<org.apache.flink.core.fs.LimitedConnectionsFileSystemDelegationTest: void testDelegateFsMethods()>/org.apache.flink.core.fs.FileSystem.create/2	<org.apache.flink.core.fs.FileSystem: org.apache.flink.core.fs.FSDataOutputStream create(org.apache.flink.core.fs.Path,boolean,int,short,long)>	<org.apache.flink.core.fs.LimitedConnectionsFileSystemDelegationTest: void testDelegateFsMethods()>	57	<org.apache.flink.core.fs.LimitedConnectionsFileSystemDelegationTest: void testDelegateFsMethods()>/fs#_51
<org.apache.flink.core.fs.LimitedConnectionsFileSystemDelegationTest: void testDelegateFsMethods()>/org.apache.flink.core.fs.FileSystem.getFileStatus/0	<org.apache.flink.core.fs.FileSystem: org.apache.flink.core.fs.FileStatus getFileStatus(org.apache.flink.core.fs.Path)>	<org.apache.flink.core.fs.LimitedConnectionsFileSystemDelegationTest: void testDelegateFsMethods()>	78	<org.apache.flink.core.fs.LimitedConnectionsFileSystemDelegationTest: void testDelegateFsMethods()>/$stack70
<org.apache.flink.core.fs.LimitedConnectionsFileSystemDelegationTest: void testDelegateFsMethods()>/org.apache.flink.core.fs.FileSystem.getFileBlockLocations/0	<org.apache.flink.core.fs.FileSystem: org.apache.flink.core.fs.BlockLocation[] getFileBlockLocations(org.apache.flink.core.fs.FileStatus,long,long)>	<org.apache.flink.core.fs.LimitedConnectionsFileSystemDelegationTest: void testDelegateFsMethods()>	86	<org.apache.flink.core.fs.LimitedConnectionsFileSystemDelegationTest: void testDelegateFsMethods()>/$stack81
<org.apache.flink.core.fs.LimitedConnectionsFileSystemDelegationTest: void testDelegateFsMethods()>/org.apache.flink.core.fs.FileSystem.open/2	<org.apache.flink.core.fs.FileSystem: org.apache.flink.core.fs.FSDataInputStream open(org.apache.flink.core.fs.Path,int)>	<org.apache.flink.core.fs.LimitedConnectionsFileSystemDelegationTest: void testDelegateFsMethods()>	93	<org.apache.flink.core.fs.LimitedConnectionsFileSystemDelegationTest: void testDelegateFsMethods()>/$stack87
<org.apache.flink.core.fs.LimitedConnectionsFileSystemDelegationTest: void testDelegateFsMethods()>/org.apache.flink.core.fs.FileSystem.open/3	<org.apache.flink.core.fs.FileSystem: org.apache.flink.core.fs.FSDataInputStream open(org.apache.flink.core.fs.Path)>	<org.apache.flink.core.fs.LimitedConnectionsFileSystemDelegationTest: void testDelegateFsMethods()>	99	<org.apache.flink.core.fs.LimitedConnectionsFileSystemDelegationTest: void testDelegateFsMethods()>/$stack92
<org.apache.flink.core.fs.LimitedConnectionsFileSystemDelegationTest: void testDelegateFsMethods()>/org.apache.flink.core.fs.FileSystem.listStatus/0	<org.apache.flink.core.fs.FileSystem: org.apache.flink.core.fs.FileStatus[] listStatus(org.apache.flink.core.fs.Path)>	<org.apache.flink.core.fs.LimitedConnectionsFileSystemDelegationTest: void testDelegateFsMethods()>	108	<org.apache.flink.core.fs.LimitedConnectionsFileSystemDelegationTest: void testDelegateFsMethods()>/$stack101
<org.apache.flink.core.fs.LimitedConnectionsFileSystemDelegationTest: void testDelegateFsMethods()>/org.apache.flink.core.fs.FileSystem.exists/0	<org.apache.flink.core.fs.FileSystem: boolean exists(org.apache.flink.core.fs.Path)>	<org.apache.flink.core.fs.LimitedConnectionsFileSystemDelegationTest: void testDelegateFsMethods()>	114	<org.apache.flink.core.fs.LimitedConnectionsFileSystemDelegationTest: void testDelegateFsMethods()>/$stack106
<org.apache.flink.core.fs.LimitedConnectionsFileSystemDelegationTest: void testDelegateFsMethods()>/org.apache.flink.core.fs.FileSystem.delete/0	<org.apache.flink.core.fs.FileSystem: boolean delete(org.apache.flink.core.fs.Path,boolean)>	<org.apache.flink.core.fs.LimitedConnectionsFileSystemDelegationTest: void testDelegateFsMethods()>	121	<org.apache.flink.core.fs.LimitedConnectionsFileSystemDelegationTest: void testDelegateFsMethods()>/$stack112
<org.apache.flink.core.fs.LimitedConnectionsFileSystemDelegationTest: void testDelegateFsMethods()>/org.apache.flink.core.fs.FileSystem.mkdirs/0	<org.apache.flink.core.fs.FileSystem: boolean mkdirs(org.apache.flink.core.fs.Path)>	<org.apache.flink.core.fs.LimitedConnectionsFileSystemDelegationTest: void testDelegateFsMethods()>	127	<org.apache.flink.core.fs.LimitedConnectionsFileSystemDelegationTest: void testDelegateFsMethods()>/$stack117
<org.apache.flink.core.fs.LimitedConnectionsFileSystemDelegationTest: void testDelegateFsMethods()>/org.apache.flink.core.fs.FileSystem.create/3	<org.apache.flink.core.fs.FileSystem: org.apache.flink.core.fs.FSDataOutputStream create(org.apache.flink.core.fs.Path,boolean,int,short,long)>	<org.apache.flink.core.fs.LimitedConnectionsFileSystemDelegationTest: void testDelegateFsMethods()>	138	<org.apache.flink.core.fs.LimitedConnectionsFileSystemDelegationTest: void testDelegateFsMethods()>/$stack126
<org.apache.flink.core.fs.LimitedConnectionsFileSystemDelegationTest: void testDelegateFsMethods()>/org.apache.flink.core.fs.FileSystem.create/4	<org.apache.flink.core.fs.FileSystem: org.apache.flink.core.fs.FSDataOutputStream create(org.apache.flink.core.fs.Path,org.apache.flink.core.fs.FileSystem$WriteMode)>	<org.apache.flink.core.fs.LimitedConnectionsFileSystemDelegationTest: void testDelegateFsMethods()>	145	<org.apache.flink.core.fs.LimitedConnectionsFileSystemDelegationTest: void testDelegateFsMethods()>/$stack132
<org.apache.flink.core.fs.LimitedConnectionsFileSystemDelegationTest: void testDelegateFsMethods()>/org.apache.flink.core.fs.FileSystem.rename/0	<org.apache.flink.core.fs.FileSystem: boolean rename(org.apache.flink.core.fs.Path,org.apache.flink.core.fs.Path)>	<org.apache.flink.core.fs.LimitedConnectionsFileSystemDelegationTest: void testDelegateFsMethods()>	152	<org.apache.flink.core.fs.LimitedConnectionsFileSystemDelegationTest: void testDelegateFsMethods()>/$stack138
<org.apache.flink.core.fs.LimitedConnectionsFileSystemDelegationTest: void testDelegateOutStreamMethods()>/org.apache.flink.core.fs.FileSystem.create/0	<org.apache.flink.core.fs.FileSystem: org.apache.flink.core.fs.FSDataOutputStream create(org.apache.flink.core.fs.Path,org.apache.flink.core.fs.FileSystem$WriteMode)>	<org.apache.flink.core.fs.LimitedConnectionsFileSystemDelegationTest: void testDelegateOutStreamMethods()>	173	<org.apache.flink.core.fs.LimitedConnectionsFileSystemDelegationTest: void testDelegateOutStreamMethods()>/fs#_172
<org.apache.flink.core.fs.LimitedConnectionsFileSystemDelegationTest: void testDelegateOutStreamMethods()>/org.apache.flink.core.fs.FSDataOutputStream.write/1	<java.io.OutputStream: void write(int)>	<org.apache.flink.core.fs.LimitedConnectionsFileSystemDelegationTest: void testDelegateOutStreamMethods()>	181	<org.apache.flink.core.fs.LimitedConnectionsFileSystemDelegationTest: void testDelegateOutStreamMethods()>/$stack28
<org.apache.flink.core.fs.LimitedConnectionsFileSystemDelegationTest: void testDelegateOutStreamMethods()>/org.apache.flink.core.fs.FSDataOutputStream.write/3	<java.io.OutputStream: void write(byte[],int,int)>	<org.apache.flink.core.fs.LimitedConnectionsFileSystemDelegationTest: void testDelegateOutStreamMethods()>	186	<org.apache.flink.core.fs.LimitedConnectionsFileSystemDelegationTest: void testDelegateOutStreamMethods()>/$stack30
<org.apache.flink.core.fs.LimitedConnectionsFileSystemDelegationTest: void testDelegateInStreamMethods()>/org.apache.flink.core.fs.FSDataInputStream.read/1	<java.io.InputStream: int read(byte[],int,int)>	<org.apache.flink.core.fs.LimitedConnectionsFileSystemDelegationTest: void testDelegateInStreamMethods()>	211	<org.apache.flink.core.fs.LimitedConnectionsFileSystemDelegationTest: void testDelegateInStreamMethods()>/mockIn#_204
<org.apache.flink.core.fs.LimitedConnectionsFileSystemDelegationTest: void testDelegateInStreamMethods()>/org.apache.flink.core.fs.FileSystem.open/0	<org.apache.flink.core.fs.FileSystem: org.apache.flink.core.fs.FSDataInputStream open(org.apache.flink.core.fs.Path)>	<org.apache.flink.core.fs.LimitedConnectionsFileSystemDelegationTest: void testDelegateInStreamMethods()>	217	<org.apache.flink.core.fs.LimitedConnectionsFileSystemDelegationTest: void testDelegateInStreamMethods()>/fs#_216
<org.apache.flink.core.fs.LimitedConnectionsFileSystemDelegationTest: void testDelegateInStreamMethods()>/org.apache.flink.core.fs.FSDataInputStream.seek/1	<org.apache.flink.core.fs.FSDataInputStream: void seek(long)>	<org.apache.flink.core.fs.LimitedConnectionsFileSystemDelegationTest: void testDelegateInStreamMethods()>	230	<org.apache.flink.core.fs.LimitedConnectionsFileSystemDelegationTest: void testDelegateInStreamMethods()>/$stack61
<org.apache.flink.core.fs.LimitedConnectionsFileSystemDelegationTest: void testDelegateInStreamMethods()>/org.apache.flink.core.fs.FSDataInputStream.mark/1	<java.io.InputStream: void mark(int)>	<org.apache.flink.core.fs.LimitedConnectionsFileSystemDelegationTest: void testDelegateInStreamMethods()>	237	<org.apache.flink.core.fs.LimitedConnectionsFileSystemDelegationTest: void testDelegateInStreamMethods()>/$stack69
<org.apache.flink.core.fs.LimitedConnectionsFileSystemDelegationTest: void testDelegateFsMethods()>/org.apache.flink.core.fs.FileSystem.getKind/0	<org.apache.flink.core.fs.FileSystem: org.apache.flink.core.fs.FileSystemKind getKind()>	<org.apache.flink.core.fs.LimitedConnectionsFileSystemDelegationTest: void testDelegateFsMethods()>	158	<org.apache.flink.core.fs.LimitedConnectionsFileSystemDelegationTest: void testDelegateFsMethods()>/fs#_51
<org.apache.flink.core.fs.LimitedConnectionsFileSystemDelegationTest: void testDelegateOutStreamMethods()>/org.apache.flink.core.fs.FSDataOutputStream.getPos/0	<org.apache.flink.core.fs.FSDataOutputStream: long getPos()>	<org.apache.flink.core.fs.LimitedConnectionsFileSystemDelegationTest: void testDelegateOutStreamMethods()>	170	<org.apache.flink.core.fs.LimitedConnectionsFileSystemDelegationTest: void testDelegateOutStreamMethods()>/mockOut#_168
<org.apache.flink.core.fs.LimitedConnectionsFileSystemDelegationTest: void testDelegateInStreamMethods()>/org.apache.flink.core.fs.FSDataInputStream.read/0	<java.io.InputStream: int read()>	<org.apache.flink.core.fs.LimitedConnectionsFileSystemDelegationTest: void testDelegateInStreamMethods()>	210	<org.apache.flink.core.fs.LimitedConnectionsFileSystemDelegationTest: void testDelegateInStreamMethods()>/mockIn#_204
<org.apache.flink.core.fs.LimitedConnectionsFileSystemDelegationTest: void testDelegateInStreamMethods()>/org.apache.flink.core.fs.FSDataInputStream.getPos/0	<org.apache.flink.core.fs.FSDataInputStream: long getPos()>	<org.apache.flink.core.fs.LimitedConnectionsFileSystemDelegationTest: void testDelegateInStreamMethods()>	212	<org.apache.flink.core.fs.LimitedConnectionsFileSystemDelegationTest: void testDelegateInStreamMethods()>/mockIn#_204
<org.apache.flink.core.fs.LimitedConnectionsFileSystemDelegationTest: void testDelegateInStreamMethods()>/org.apache.flink.core.fs.FSDataInputStream.available/0	<java.io.InputStream: int available()>	<org.apache.flink.core.fs.LimitedConnectionsFileSystemDelegationTest: void testDelegateInStreamMethods()>	213	<org.apache.flink.core.fs.LimitedConnectionsFileSystemDelegationTest: void testDelegateInStreamMethods()>/mockIn#_204
<org.apache.flink.core.fs.LimitedConnectionsFileSystemDelegationTest: void testDelegateInStreamMethods()>/org.apache.flink.core.fs.FSDataInputStream.markSupported/0	<java.io.InputStream: boolean markSupported()>	<org.apache.flink.core.fs.LimitedConnectionsFileSystemDelegationTest: void testDelegateInStreamMethods()>	214	<org.apache.flink.core.fs.LimitedConnectionsFileSystemDelegationTest: void testDelegateInStreamMethods()>/mockIn#_204
<org.apache.flink.core.fs.LimitedConnectionsFileSystemDelegationTest: void testDelegateOutStreamMethods()>/org.apache.flink.core.fs.FSDataOutputStream.flush/1	<org.apache.flink.core.fs.FSDataOutputStream: void flush()>	<org.apache.flink.core.fs.LimitedConnectionsFileSystemDelegationTest: void testDelegateOutStreamMethods()>	192	<org.apache.flink.core.fs.LimitedConnectionsFileSystemDelegationTest: void testDelegateOutStreamMethods()>/$stack34
<org.apache.flink.core.fs.LimitedConnectionsFileSystemDelegationTest: void testDelegateOutStreamMethods()>/org.apache.flink.core.fs.FSDataOutputStream.sync/1	<org.apache.flink.core.fs.FSDataOutputStream: void sync()>	<org.apache.flink.core.fs.LimitedConnectionsFileSystemDelegationTest: void testDelegateOutStreamMethods()>	195	<org.apache.flink.core.fs.LimitedConnectionsFileSystemDelegationTest: void testDelegateOutStreamMethods()>/$stack36
<org.apache.flink.core.fs.LimitedConnectionsFileSystemDelegationTest: void testDelegateOutStreamMethods()>/org.apache.flink.core.fs.FSDataOutputStream.close/1	<org.apache.flink.core.fs.FSDataOutputStream: void close()>	<org.apache.flink.core.fs.LimitedConnectionsFileSystemDelegationTest: void testDelegateOutStreamMethods()>	198	<org.apache.flink.core.fs.LimitedConnectionsFileSystemDelegationTest: void testDelegateOutStreamMethods()>/$stack38
<org.apache.flink.core.fs.LimitedConnectionsFileSystemDelegationTest: void testDelegateInStreamMethods()>/org.apache.flink.core.fs.FSDataInputStream.close/1	<java.io.InputStream: void close()>	<org.apache.flink.core.fs.LimitedConnectionsFileSystemDelegationTest: void testDelegateInStreamMethods()>	240	<org.apache.flink.core.fs.LimitedConnectionsFileSystemDelegationTest: void testDelegateInStreamMethods()>/$stack71
<org.apache.flink.api.common.io.InputStreamFSInputWrapperTest: void testClose()>/java.io.InputStream.close/0	<java.io.InputStream: void close()>	<org.apache.flink.api.common.io.InputStreamFSInputWrapperTest: void testClose()>	35	<org.apache.flink.api.common.io.InputStreamFSInputWrapperTest: void testClose()>/$stack6
<org.apache.flink.core.fs.LimitedConnectionsFileSystemDelegationTest: void testDelegateFsMethods()>/org.apache.flink.core.fs.FileSystem.getDefaultBlockSize/0	<org.apache.flink.core.fs.FileSystem: long getDefaultBlockSize()>	<org.apache.flink.core.fs.LimitedConnectionsFileSystemDelegationTest: void testDelegateFsMethods()>	103	<org.apache.flink.core.fs.LimitedConnectionsFileSystemDelegationTest: void testDelegateFsMethods()>/$stack96
<org.apache.flink.core.fs.LimitedConnectionsFileSystemDelegationTest: void testDelegateFsMethods()>/org.apache.flink.core.fs.FileSystem.getKind/1	<org.apache.flink.core.fs.FileSystem: org.apache.flink.core.fs.FileSystemKind getKind()>	<org.apache.flink.core.fs.LimitedConnectionsFileSystemDelegationTest: void testDelegateFsMethods()>	160	<org.apache.flink.core.fs.LimitedConnectionsFileSystemDelegationTest: void testDelegateFsMethods()>/$stack146
<org.apache.flink.core.fs.LimitedConnectionsFileSystemDelegationTest: void testDelegateFsMethods()>/org.apache.flink.core.fs.FileSystem.getHomeDirectory/0	<org.apache.flink.core.fs.FileSystem: org.apache.flink.core.fs.Path getHomeDirectory()>	<org.apache.flink.core.fs.LimitedConnectionsFileSystemDelegationTest: void testDelegateFsMethods()>	70	<org.apache.flink.core.fs.LimitedConnectionsFileSystemDelegationTest: void testDelegateFsMethods()>/$stack61
<org.apache.flink.core.fs.LimitedConnectionsFileSystemDelegationTest: void testDelegateFsMethods()>/org.apache.flink.core.fs.FileSystem.getUri/0	<org.apache.flink.core.fs.FileSystem: java.net.URI getUri()>	<org.apache.flink.core.fs.LimitedConnectionsFileSystemDelegationTest: void testDelegateFsMethods()>	73	<org.apache.flink.core.fs.LimitedConnectionsFileSystemDelegationTest: void testDelegateFsMethods()>/$stack65
<org.apache.flink.core.fs.LimitedConnectionsFileSystemDelegationTest: void testDelegateFsMethods()>/org.apache.flink.core.fs.FileSystem.isDistributedFS/0	<org.apache.flink.core.fs.FileSystem: boolean isDistributedFS()>	<org.apache.flink.core.fs.LimitedConnectionsFileSystemDelegationTest: void testDelegateFsMethods()>	64	<org.apache.flink.core.fs.LimitedConnectionsFileSystemDelegationTest: void testDelegateFsMethods()>/$stack53
<org.apache.flink.core.fs.LimitedConnectionsFileSystemDelegationTest: void testDelegateFsMethods()>/org.apache.flink.core.fs.FileSystem.isDistributedFS/1	<org.apache.flink.core.fs.FileSystem: boolean isDistributedFS()>	<org.apache.flink.core.fs.LimitedConnectionsFileSystemDelegationTest: void testDelegateFsMethods()>	67	<org.apache.flink.core.fs.LimitedConnectionsFileSystemDelegationTest: void testDelegateFsMethods()>/$stack57
