<org.quartz.impl.jdbcjobstore.UpdateLockRowSemaphore: boolean lockViaUpdate(java.sql.Connection,java.lang.String,java.lang.String)>/java.sql.Connection.prepareStatement/0	<java.sql.Connection: java.sql.PreparedStatement prepareStatement(java.lang.String)>	<org.quartz.impl.jdbcjobstore.UpdateLockRowSemaphore: boolean lockViaUpdate(java.sql.Connection,java.lang.String,java.lang.String)>	115	<org.quartz.impl.jdbcjobstore.UpdateLockRowSemaphore: boolean lockViaUpdate(java.sql.Connection,java.lang.String,java.lang.String)>/conn#_0
<org.quartz.impl.jdbcjobstore.UpdateLockRowSemaphore: void lockViaInsert(java.sql.Connection,java.lang.String,java.lang.String)>/java.sql.Connection.prepareStatement/0	<java.sql.Connection: java.sql.PreparedStatement prepareStatement(java.lang.String)>	<org.quartz.impl.jdbcjobstore.UpdateLockRowSemaphore: void lockViaInsert(java.sql.Connection,java.lang.String,java.lang.String)>	127	<org.quartz.impl.jdbcjobstore.UpdateLockRowSemaphore: void lockViaInsert(java.sql.Connection,java.lang.String,java.lang.String)>/conn#_0
<org.quartz.impl.jdbcjobstore.SimpleTriggerPersistenceDelegate: org.quartz.impl.jdbcjobstore.TriggerPersistenceDelegate$TriggerPropertyBundle loadExtendedTriggerProperties(java.sql.Connection,org.quartz.TriggerKey)>/java.sql.Connection.prepareStatement/0	<java.sql.Connection: java.sql.PreparedStatement prepareStatement(java.lang.String)>	<org.quartz.impl.jdbcjobstore.SimpleTriggerPersistenceDelegate: org.quartz.impl.jdbcjobstore.TriggerPersistenceDelegate$TriggerPropertyBundle loadExtendedTriggerProperties(java.sql.Connection,org.quartz.TriggerKey)>	90	<org.quartz.impl.jdbcjobstore.SimpleTriggerPersistenceDelegate: org.quartz.impl.jdbcjobstore.TriggerPersistenceDelegate$TriggerPropertyBundle loadExtendedTriggerProperties(java.sql.Connection,org.quartz.TriggerKey)>/conn#_0
<org.quartz.impl.jdbcjobstore.UpdateLockRowSemaphoreTest: void testSingleSuccessUsingUpdate()>/java.sql.Connection.prepareStatement/0	<java.sql.Connection: java.sql.PreparedStatement prepareStatement(java.lang.String)>	<org.quartz.impl.jdbcjobstore.UpdateLockRowSemaphoreTest: void testSingleSuccessUsingUpdate()>	53	<org.quartz.impl.jdbcjobstore.UpdateLockRowSemaphoreTest: void testSingleSuccessUsingUpdate()>/mockConnection#_52
<org.quartz.impl.jdbcjobstore.UpdateLockRowSemaphoreTest: void testSingleFailureFollowedBySuccessUsingUpdate()>/java.sql.Connection.prepareStatement/0	<java.sql.Connection: java.sql.PreparedStatement prepareStatement(java.lang.String)>	<org.quartz.impl.jdbcjobstore.UpdateLockRowSemaphoreTest: void testSingleFailureFollowedBySuccessUsingUpdate()>	66	<org.quartz.impl.jdbcjobstore.UpdateLockRowSemaphoreTest: void testSingleFailureFollowedBySuccessUsingUpdate()>/mockConnection#_65
<org.quartz.impl.jdbcjobstore.UpdateLockRowSemaphoreTest: void testDoubleFailureFollowedBySuccessUsingUpdate()>/java.sql.Connection.prepareStatement/0	<java.sql.Connection: java.sql.PreparedStatement prepareStatement(java.lang.String)>	<org.quartz.impl.jdbcjobstore.UpdateLockRowSemaphoreTest: void testDoubleFailureFollowedBySuccessUsingUpdate()>	80	<org.quartz.impl.jdbcjobstore.UpdateLockRowSemaphoreTest: void testDoubleFailureFollowedBySuccessUsingUpdate()>/mockConnection#_79
<org.quartz.impl.jdbcjobstore.UpdateLockRowSemaphoreTest: void testFallThroughToInsert()>/java.sql.Connection.prepareStatement/0	<java.sql.Connection: java.sql.PreparedStatement prepareStatement(java.lang.String)>	<org.quartz.impl.jdbcjobstore.UpdateLockRowSemaphoreTest: void testFallThroughToInsert()>	98	<org.quartz.impl.jdbcjobstore.UpdateLockRowSemaphoreTest: void testFallThroughToInsert()>/mockConnection#_97
<org.quartz.impl.jdbcjobstore.UpdateLockRowSemaphoreTest: void testFallThroughToInsert()>/java.sql.Connection.prepareStatement/1	<java.sql.Connection: java.sql.PreparedStatement prepareStatement(java.lang.String)>	<org.quartz.impl.jdbcjobstore.UpdateLockRowSemaphoreTest: void testFallThroughToInsert()>	101	<org.quartz.impl.jdbcjobstore.UpdateLockRowSemaphoreTest: void testFallThroughToInsert()>/mockConnection#_97
<org.quartz.impl.jdbcjobstore.StdRowLockSemaphore: void executeSQL(java.sql.Connection,java.lang.String,java.lang.String,java.lang.String)>/java.sql.Connection.prepareStatement/0	<java.sql.Connection: java.sql.PreparedStatement prepareStatement(java.lang.String)>	<org.quartz.impl.jdbcjobstore.StdRowLockSemaphore: void executeSQL(java.sql.Connection,java.lang.String,java.lang.String,java.lang.String)>	115	<org.quartz.impl.jdbcjobstore.StdRowLockSemaphore: void executeSQL(java.sql.Connection,java.lang.String,java.lang.String,java.lang.String)>/conn#_0
<org.quartz.impl.jdbcjobstore.StdRowLockSemaphore: void executeSQL(java.sql.Connection,java.lang.String,java.lang.String,java.lang.String)>/java.sql.Connection.prepareStatement/1	<java.sql.Connection: java.sql.PreparedStatement prepareStatement(java.lang.String)>	<org.quartz.impl.jdbcjobstore.StdRowLockSemaphore: void executeSQL(java.sql.Connection,java.lang.String,java.lang.String,java.lang.String)>	132	<org.quartz.impl.jdbcjobstore.StdRowLockSemaphore: void executeSQL(java.sql.Connection,java.lang.String,java.lang.String,java.lang.String)>/conn#_0
<org.quartz.impl.jdbcjobstore.CronTriggerPersistenceDelegate: org.quartz.impl.jdbcjobstore.TriggerPersistenceDelegate$TriggerPropertyBundle loadExtendedTriggerProperties(java.sql.Connection,org.quartz.TriggerKey)>/java.sql.Connection.prepareStatement/0	<java.sql.Connection: java.sql.PreparedStatement prepareStatement(java.lang.String)>	<org.quartz.impl.jdbcjobstore.CronTriggerPersistenceDelegate: org.quartz.impl.jdbcjobstore.TriggerPersistenceDelegate$TriggerPropertyBundle loadExtendedTriggerProperties(java.sql.Connection,org.quartz.TriggerKey)>	90	<org.quartz.impl.jdbcjobstore.CronTriggerPersistenceDelegate: org.quartz.impl.jdbcjobstore.TriggerPersistenceDelegate$TriggerPropertyBundle loadExtendedTriggerProperties(java.sql.Connection,org.quartz.TriggerKey)>/conn#_0
<org.mockito.internal.creation.CglibMockMaker: org.mockito.invocation.MockHandler getHandler(java.lang.Object)>/org.mockito.cglib.proxy.Factory.getCallback/0	<org.mockito.cglib.proxy.Factory: org.mockito.cglib.proxy.Callback getCallback(int)>	<org.mockito.internal.creation.CglibMockMaker: org.mockito.invocation.MockHandler getHandler(java.lang.Object)>	44	<org.mockito.internal.creation.CglibMockMaker: org.mockito.invocation.MockHandler getHandler(java.lang.Object)>/factory#_43
<org.quartz.impl.jdbcjobstore.StdJDBCDelegate: org.quartz.spi.OperableTrigger selectTrigger(java.sql.Connection,org.quartz.TriggerKey)>/java.sql.Connection.prepareStatement/0	<java.sql.Connection: java.sql.PreparedStatement prepareStatement(java.lang.String)>	<org.quartz.impl.jdbcjobstore.StdJDBCDelegate: org.quartz.spi.OperableTrigger selectTrigger(java.sql.Connection,org.quartz.TriggerKey)>	1758	<org.quartz.impl.jdbcjobstore.StdJDBCDelegate: org.quartz.spi.OperableTrigger selectTrigger(java.sql.Connection,org.quartz.TriggerKey)>/conn#_0
<org.quartz.impl.jdbcjobstore.StdJDBCDelegate: org.quartz.spi.OperableTrigger selectTrigger(java.sql.Connection,org.quartz.TriggerKey)>/java.sql.Connection.prepareStatement/1	<java.sql.Connection: java.sql.PreparedStatement prepareStatement(java.lang.String)>	<org.quartz.impl.jdbcjobstore.StdJDBCDelegate: org.quartz.spi.OperableTrigger selectTrigger(java.sql.Connection,org.quartz.TriggerKey)>	1802	<org.quartz.impl.jdbcjobstore.StdJDBCDelegate: org.quartz.spi.OperableTrigger selectTrigger(java.sql.Connection,org.quartz.TriggerKey)>/conn#_0
<org.quartz.impl.jdbcjobstore.StdJDBCDelegate: org.quartz.spi.OperableTrigger selectTrigger(java.sql.Connection,org.quartz.TriggerKey)>/org.quartz.impl.jdbcjobstore.TriggerPersistenceDelegate.loadExtendedTriggerProperties/0	<org.quartz.impl.jdbcjobstore.TriggerPersistenceDelegate: org.quartz.impl.jdbcjobstore.TriggerPersistenceDelegate$TriggerPropertyBundle loadExtendedTriggerProperties(java.sql.Connection,org.quartz.TriggerKey)>	<org.quartz.impl.jdbcjobstore.StdJDBCDelegate: org.quartz.spi.OperableTrigger selectTrigger(java.sql.Connection,org.quartz.TriggerKey)>	1819	<org.quartz.impl.jdbcjobstore.StdJDBCDelegate: org.quartz.spi.OperableTrigger selectTrigger(java.sql.Connection,org.quartz.TriggerKey)>/tDel#_1812
<org.quartz.impl.jdbcjobstore.SimplePropertiesTriggerPersistenceDelegateSupport: org.quartz.impl.jdbcjobstore.TriggerPersistenceDelegate$TriggerPropertyBundle loadExtendedTriggerProperties(java.sql.Connection,org.quartz.TriggerKey)>/java.sql.Connection.prepareStatement/0	<java.sql.Connection: java.sql.PreparedStatement prepareStatement(java.lang.String)>	<org.quartz.impl.jdbcjobstore.SimplePropertiesTriggerPersistenceDelegateSupport: org.quartz.impl.jdbcjobstore.TriggerPersistenceDelegate$TriggerPropertyBundle loadExtendedTriggerProperties(java.sql.Connection,org.quartz.TriggerKey)>	149	<org.quartz.impl.jdbcjobstore.SimplePropertiesTriggerPersistenceDelegateSupport: org.quartz.impl.jdbcjobstore.TriggerPersistenceDelegate$TriggerPropertyBundle loadExtendedTriggerProperties(java.sql.Connection,org.quartz.TriggerKey)>/conn#_0
<org.quartz.impl.jdbcjobstore.StdJDBCDelegateTest: void testSelectBlobTriggerWithNoBlobContent()>/java.sql.Connection.prepareStatement/0	<java.sql.Connection: java.sql.PreparedStatement prepareStatement(java.lang.String)>	<org.quartz.impl.jdbcjobstore.StdJDBCDelegateTest: void testSelectBlobTriggerWithNoBlobContent()>	74	<org.quartz.impl.jdbcjobstore.StdJDBCDelegateTest: void testSelectBlobTriggerWithNoBlobContent()>/conn#_70
<org.quartz.impl.jdbcjobstore.StdJDBCDelegateTest: void testSelectBlobTriggerWithNoBlobContent()>/java.sql.ResultSet.getString/0	<java.sql.ResultSet: java.lang.String getString(java.lang.String)>	<org.quartz.impl.jdbcjobstore.StdJDBCDelegateTest: void testSelectBlobTriggerWithNoBlobContent()>	79	<org.quartz.impl.jdbcjobstore.StdJDBCDelegateTest: void testSelectBlobTriggerWithNoBlobContent()>/resultSet#_72
<org.quartz.impl.jdbcjobstore.StdJDBCDelegateTest: void testSelectSimpleTriggerWithExceptionWithExtendedProps()>/org.quartz.impl.jdbcjobstore.TriggerPersistenceDelegate.loadExtendedTriggerProperties/0	<org.quartz.impl.jdbcjobstore.TriggerPersistenceDelegate: org.quartz.impl.jdbcjobstore.TriggerPersistenceDelegate$TriggerPropertyBundle loadExtendedTriggerProperties(java.sql.Connection,org.quartz.TriggerKey)>	<org.quartz.impl.jdbcjobstore.StdJDBCDelegateTest: void testSelectSimpleTriggerWithExceptionWithExtendedProps()>	89	<org.quartz.impl.jdbcjobstore.StdJDBCDelegateTest: void testSelectSimpleTriggerWithExceptionWithExtendedProps()>/persistenceDelegate#_87
<org.quartz.impl.jdbcjobstore.StdJDBCDelegateTest: void testSelectSimpleTriggerWithExceptionWithExtendedProps()>/java.sql.Connection.prepareStatement/0	<java.sql.Connection: java.sql.PreparedStatement prepareStatement(java.lang.String)>	<org.quartz.impl.jdbcjobstore.StdJDBCDelegateTest: void testSelectSimpleTriggerWithExceptionWithExtendedProps()>	98	<org.quartz.impl.jdbcjobstore.StdJDBCDelegateTest: void testSelectSimpleTriggerWithExceptionWithExtendedProps()>/conn#_94
<org.quartz.impl.jdbcjobstore.StdJDBCDelegateTest: void testSelectSimpleTriggerWithExceptionWithExtendedProps()>/java.sql.ResultSet.getString/0	<java.sql.ResultSet: java.lang.String getString(java.lang.String)>	<org.quartz.impl.jdbcjobstore.StdJDBCDelegateTest: void testSelectSimpleTriggerWithExceptionWithExtendedProps()>	103	<org.quartz.impl.jdbcjobstore.StdJDBCDelegateTest: void testSelectSimpleTriggerWithExceptionWithExtendedProps()>/resultSet#_96
<org.quartz.impl.jdbcjobstore.StdJDBCDelegateTest: void testSelectSimpleTriggerWithDeleteBeforeSelectExtendedProps()>/org.quartz.impl.jdbcjobstore.TriggerPersistenceDelegate.loadExtendedTriggerProperties/0	<org.quartz.impl.jdbcjobstore.TriggerPersistenceDelegate: org.quartz.impl.jdbcjobstore.TriggerPersistenceDelegate$TriggerPropertyBundle loadExtendedTriggerProperties(java.sql.Connection,org.quartz.TriggerKey)>	<org.quartz.impl.jdbcjobstore.StdJDBCDelegateTest: void testSelectSimpleTriggerWithDeleteBeforeSelectExtendedProps()>	117	<org.quartz.impl.jdbcjobstore.StdJDBCDelegateTest: void testSelectSimpleTriggerWithDeleteBeforeSelectExtendedProps()>/persistenceDelegate#_116
<org.quartz.impl.jdbcjobstore.StdJDBCDelegateTest: void testSelectSimpleTriggerWithDeleteBeforeSelectExtendedProps()>/java.sql.Connection.prepareStatement/0	<java.sql.Connection: java.sql.PreparedStatement prepareStatement(java.lang.String)>	<org.quartz.impl.jdbcjobstore.StdJDBCDelegateTest: void testSelectSimpleTriggerWithDeleteBeforeSelectExtendedProps()>	126	<org.quartz.impl.jdbcjobstore.StdJDBCDelegateTest: void testSelectSimpleTriggerWithDeleteBeforeSelectExtendedProps()>/conn#_122
<org.quartz.impl.jdbcjobstore.StdJDBCDelegateTest: void testSelectSimpleTriggerWithDeleteBeforeSelectExtendedProps()>/java.sql.ResultSet.getString/0	<java.sql.ResultSet: java.lang.String getString(java.lang.String)>	<org.quartz.impl.jdbcjobstore.StdJDBCDelegateTest: void testSelectSimpleTriggerWithDeleteBeforeSelectExtendedProps()>	131	<org.quartz.impl.jdbcjobstore.StdJDBCDelegateTest: void testSelectSimpleTriggerWithDeleteBeforeSelectExtendedProps()>/resultSet#_124
<org.quartz.impl.jdbcjobstore.StdJDBCDelegateTest: void testSelectSimpleTriggerWithExceptionWithExtendedProps()>/org.quartz.impl.jdbcjobstore.TriggerPersistenceDelegate.loadExtendedTriggerProperties/1	<org.quartz.impl.jdbcjobstore.TriggerPersistenceDelegate: org.quartz.impl.jdbcjobstore.TriggerPersistenceDelegate$TriggerPropertyBundle loadExtendedTriggerProperties(java.sql.Connection,org.quartz.TriggerKey)>	<org.quartz.impl.jdbcjobstore.StdJDBCDelegateTest: void testSelectSimpleTriggerWithExceptionWithExtendedProps()>	111	<org.quartz.impl.jdbcjobstore.StdJDBCDelegateTest: void testSelectSimpleTriggerWithExceptionWithExtendedProps()>/$stack46
<org.quartz.impl.jdbcjobstore.StdJDBCDelegateTest: void testSelectSimpleTriggerWithDeleteBeforeSelectExtendedProps()>/org.quartz.impl.jdbcjobstore.TriggerPersistenceDelegate.loadExtendedTriggerProperties/1	<org.quartz.impl.jdbcjobstore.TriggerPersistenceDelegate: org.quartz.impl.jdbcjobstore.TriggerPersistenceDelegate$TriggerPropertyBundle loadExtendedTriggerProperties(java.sql.Connection,org.quartz.TriggerKey)>	<org.quartz.impl.jdbcjobstore.StdJDBCDelegateTest: void testSelectSimpleTriggerWithDeleteBeforeSelectExtendedProps()>	135	<org.quartz.impl.jdbcjobstore.StdJDBCDelegateTest: void testSelectSimpleTriggerWithDeleteBeforeSelectExtendedProps()>/$stack48
<org.mockito.internal.MockitoCore: java.lang.Object verify(java.lang.Object,org.mockito.verification.VerificationMode)>/java.lang.Object.getClass/0	<java.lang.Object: java.lang.Class getClass()>	<org.mockito.internal.MockitoCore: java.lang.Object verify(java.lang.Object,org.mockito.verification.VerificationMode)>	79	<org.mockito.internal.MockitoCore: java.lang.Object verify(java.lang.Object,org.mockito.verification.VerificationMode)>/mock#_0
<org.quartz.impl.jdbcjobstore.StdJDBCDelegateTest: void testSelectBlobTriggerWithNoBlobContent()>/java.sql.PreparedStatement.executeQuery/0	<java.sql.PreparedStatement: java.sql.ResultSet executeQuery()>	<org.quartz.impl.jdbcjobstore.StdJDBCDelegateTest: void testSelectBlobTriggerWithNoBlobContent()>	76	<org.quartz.impl.jdbcjobstore.StdJDBCDelegateTest: void testSelectBlobTriggerWithNoBlobContent()>/preparedStatement#_71
<org.quartz.impl.jdbcjobstore.StdJDBCDelegateTest: void testSelectBlobTriggerWithNoBlobContent()>/java.sql.ResultSet.next/0	<java.sql.ResultSet: boolean next()>	<org.quartz.impl.jdbcjobstore.StdJDBCDelegateTest: void testSelectBlobTriggerWithNoBlobContent()>	78	<org.quartz.impl.jdbcjobstore.StdJDBCDelegateTest: void testSelectBlobTriggerWithNoBlobContent()>/resultSet#_72
<org.quartz.impl.jdbcjobstore.StdJDBCDelegateTest: void testSelectSimpleTriggerWithExceptionWithExtendedProps()>/java.sql.PreparedStatement.executeQuery/0	<java.sql.PreparedStatement: java.sql.ResultSet executeQuery()>	<org.quartz.impl.jdbcjobstore.StdJDBCDelegateTest: void testSelectSimpleTriggerWithExceptionWithExtendedProps()>	101	<org.quartz.impl.jdbcjobstore.StdJDBCDelegateTest: void testSelectSimpleTriggerWithExceptionWithExtendedProps()>/preparedStatement#_95
<org.quartz.impl.jdbcjobstore.StdJDBCDelegateTest: void testSelectSimpleTriggerWithExceptionWithExtendedProps()>/java.sql.ResultSet.next/0	<java.sql.ResultSet: boolean next()>	<org.quartz.impl.jdbcjobstore.StdJDBCDelegateTest: void testSelectSimpleTriggerWithExceptionWithExtendedProps()>	102	<org.quartz.impl.jdbcjobstore.StdJDBCDelegateTest: void testSelectSimpleTriggerWithExceptionWithExtendedProps()>/resultSet#_96
<org.quartz.impl.jdbcjobstore.StdJDBCDelegateTest: void testSelectSimpleTriggerWithDeleteBeforeSelectExtendedProps()>/java.sql.PreparedStatement.executeQuery/0	<java.sql.PreparedStatement: java.sql.ResultSet executeQuery()>	<org.quartz.impl.jdbcjobstore.StdJDBCDelegateTest: void testSelectSimpleTriggerWithDeleteBeforeSelectExtendedProps()>	128	<org.quartz.impl.jdbcjobstore.StdJDBCDelegateTest: void testSelectSimpleTriggerWithDeleteBeforeSelectExtendedProps()>/preparedStatement#_123
<org.quartz.impl.jdbcjobstore.StdJDBCDelegateTest: void testSelectSimpleTriggerWithDeleteBeforeSelectExtendedProps()>/java.sql.ResultSet.next/0	<java.sql.ResultSet: boolean next()>	<org.quartz.impl.jdbcjobstore.StdJDBCDelegateTest: void testSelectSimpleTriggerWithDeleteBeforeSelectExtendedProps()>	130	<org.quartz.impl.jdbcjobstore.StdJDBCDelegateTest: void testSelectSimpleTriggerWithDeleteBeforeSelectExtendedProps()>/resultSet#_124
