<ca.liang.PayRollArrayMockTest: void testAllEmployeesArePaidArrayIntra()>/ca.liang.BankService.makePayment/0	<ca.liang.BankService: void makePayment(java.lang.String,int)>	<ca.liang.PayRollArrayMockTest: void testAllEmployeesArePaidArrayIntra()>	125	<ca.liang.PayRollArrayMockTest: void testAllEmployeesArePaidArrayIntra()>/$stack22
<ca.liang.PayRollArrayMockTest: void testAllEmployeesArePaidArrayInter()>/ca.liang.BankService.makePayment/0	<ca.liang.BankService: void makePayment(java.lang.String,int)>	<ca.liang.PayRollArrayMockTest: void testAllEmployeesArePaidArrayInter()>	152	<ca.liang.PayRollArrayMockTest: void testAllEmployeesArePaidArrayInter()>/$stack18
<ca.liang.PayRollMultipleEmployeeTest: void testAllEmployeesArePaid1()>/ca.liang.BankService.makePayment/0	<ca.liang.BankService: void makePayment(java.lang.String,int)>	<ca.liang.PayRollMultipleEmployeeTest: void testAllEmployeesArePaid1()>	58	<ca.liang.PayRollMultipleEmployeeTest: void testAllEmployeesArePaid1()>/$stack8
<ca.liang.PayRollMultipleEmployeeTest: void testAllEmployeesArePaid2()>/ca.liang.BankService.makePayment/0	<ca.liang.BankService: void makePayment(java.lang.String,int)>	<ca.liang.PayRollMultipleEmployeeTest: void testAllEmployeesArePaid2()>	92	<ca.liang.PayRollMultipleEmployeeTest: void testAllEmployeesArePaid2()>/$stack24
<ca.liang.PayRollAnnotationMockTest: void testEmployeeIsPaid()>/ca.liang.BankService.makePayment/0	<ca.liang.BankService: void makePayment(java.lang.String,int)>	<ca.liang.PayRollAnnotationMockTest: void testEmployeeIsPaid()>	76	<ca.liang.PayRollAnnotationMockTest: void testEmployeeIsPaid()>/$stack7
<ca.liang.PayRollAnnotationMockTest: void testBankService()>/ca.liang.BankService.makePayment/0	<ca.liang.BankService: void makePayment(java.lang.String,int)>	<ca.liang.PayRollAnnotationMockTest: void testBankService()>	84	<ca.liang.PayRollAnnotationMockTest: void testBankService()>/$stack1
<ca.liang.PayRollMockMarginalCollectionsTest: void testFloorCeiling()>/ca.liang.Employee.compareTo/0	<ca.liang.Employee: int compareTo(ca.liang.Employee)>	<ca.liang.PayRollMockMarginalCollectionsTest: void testFloorCeiling()>	286	<ca.liang.PayRollMockMarginalCollectionsTest: void testFloorCeiling()>/em#_282
<ca.liang.PayRollMultipleEmployee2Test: void testAllEmployeesArePaid()>/ca.liang.BankService.makePayment/0	<ca.liang.BankService: void makePayment(java.lang.String,int)>	<ca.liang.PayRollMultipleEmployee2Test: void testAllEmployeesArePaid()>	57	<ca.liang.PayRollMultipleEmployee2Test: void testAllEmployeesArePaid()>/$stack8
<ca.liang.PayRollMockTest: void testMerge()>/java.lang.Object.equals/0	<java.lang.Object: boolean equals(java.lang.Object)>	<ca.liang.PayRollMockTest: void testMerge()>	55	<ca.liang.PayRollMockTest: void testMerge()>/m#_53
<ca.liang.PayRollMockTest: void testEmployeeIsPaid()>/ca.liang.BankService.makePayment/0	<ca.liang.BankService: void makePayment(java.lang.String,int)>	<ca.liang.PayRollMockTest: void testEmployeeIsPaid()>	272	<ca.liang.PayRollMockTest: void testEmployeeIsPaid()>/$stack9
<ca.liang.PayRollMockTest: void testEmployeeIsPaid_singleVerify()>/ca.liang.BankService.makePayment/0	<ca.liang.BankService: void makePayment(java.lang.String,int)>	<ca.liang.PayRollMockTest: void testEmployeeIsPaid_singleVerify()>	288	<ca.liang.PayRollMockTest: void testEmployeeIsPaid_singleVerify()>/$stack8
<ca.liang.PayRollMockTest: void testInteractionOrder()>/ca.liang.BankService.makePayment/0	<ca.liang.BankService: void makePayment(java.lang.String,int)>	<ca.liang.PayRollMockTest: void testInteractionOrder()>	305	<ca.liang.PayRollMockTest: void testInteractionOrder()>/$stack17
<ca.liang.PayRollArrayMockTest: void init()>/ca.liang.EmployeeDB.getAllEmployees/0	<ca.liang.EmployeeDB: java.util.List getAllEmployees()>	<ca.liang.PayRollArrayMockTest: void init()>	41	<ca.liang.PayRollArrayMockTest: void init()>/$stack10
<ca.liang.PayRollArrayMockTest: void testSingleEmployeeFieldArrayMock()>/ca.liang.Employee.getName/0	<ca.liang.Employee: java.lang.String getName()>	<ca.liang.PayRollArrayMockTest: void testSingleEmployeeFieldArrayMock()>	78	<ca.liang.PayRollArrayMockTest: void testSingleEmployeeFieldArrayMock()>/ee#_76
<ca.liang.PayRollArrayMockTest: void testSingleEmployeeFieldArrayMock()>/ca.liang.Employee.getName/1	<ca.liang.Employee: java.lang.String getName()>	<ca.liang.PayRollArrayMockTest: void testSingleEmployeeFieldArrayMock()>	80	<ca.liang.PayRollArrayMockTest: void testSingleEmployeeFieldArrayMock()>/ee#_76
<ca.liang.PayRollArrayMockTest: void testSingleEmployeeLocalArrayMock()>/ca.liang.Employee.getName/0	<ca.liang.Employee: java.lang.String getName()>	<ca.liang.PayRollArrayMockTest: void testSingleEmployeeLocalArrayMock()>	94	<ca.liang.PayRollArrayMockTest: void testSingleEmployeeLocalArrayMock()>/e#_92
<ca.liang.PayRollArrayMockTest: void testSingleEmployeeLocalArrayMock()>/ca.liang.Employee.getName/1	<ca.liang.Employee: java.lang.String getName()>	<ca.liang.PayRollArrayMockTest: void testSingleEmployeeLocalArrayMock()>	99	<ca.liang.PayRollArrayMockTest: void testSingleEmployeeLocalArrayMock()>/ee#_97
<ca.liang.PayRollArrayMockTest: void testAllEmployeesArePaidArrayIntra()>/ca.liang.EmployeeDB.getAllEmployees/0	<ca.liang.EmployeeDB: java.util.List getAllEmployees()>	<ca.liang.PayRollArrayMockTest: void testAllEmployeesArePaidArrayIntra()>	115	<ca.liang.PayRollArrayMockTest: void testAllEmployeesArePaidArrayIntra()>/employeeDB_intra#_111
<ca.liang.PayRollArrayMockTest: void testAllEmployeesArePaidArrayIntra()>/ca.liang.Employee.getBankId/0	<ca.liang.Employee: java.lang.String getBankId()>	<ca.liang.PayRollArrayMockTest: void testAllEmployeesArePaidArrayIntra()>	128	<ca.liang.PayRollArrayMockTest: void testAllEmployeesArePaidArrayIntra()>/$stack28
<ca.liang.PayRollArrayMockTest: void testAllEmployeesArePaidArrayIntra()>/ca.liang.Employee.getBankId/1	<ca.liang.Employee: java.lang.String getBankId()>	<ca.liang.PayRollArrayMockTest: void testAllEmployeesArePaidArrayIntra()>	129	<ca.liang.PayRollArrayMockTest: void testAllEmployeesArePaidArrayIntra()>/$stack32
<ca.liang.PayRollArrayMockTest: void testAllEmployeesArePaidArrayIntra()>/ca.liang.Employee.getSalary/0	<ca.liang.Employee: int getSalary()>	<ca.liang.PayRollArrayMockTest: void testAllEmployeesArePaidArrayIntra()>	130	<ca.liang.PayRollArrayMockTest: void testAllEmployeesArePaidArrayIntra()>/$stack36
<ca.liang.PayRollArrayMockTest: void testAllEmployeesArePaidArrayIntra()>/ca.liang.Employee.getSalary/1	<ca.liang.Employee: int getSalary()>	<ca.liang.PayRollArrayMockTest: void testAllEmployeesArePaidArrayIntra()>	131	<ca.liang.PayRollArrayMockTest: void testAllEmployeesArePaidArrayIntra()>/$stack44
<ca.liang.PayRollArrayMockTest: void testAllEmployeesArePaidArrayInter()>/ca.liang.EmployeeDB.getAllEmployees/0	<ca.liang.EmployeeDB: java.util.List getAllEmployees()>	<ca.liang.PayRollArrayMockTest: void testAllEmployeesArePaidArrayInter()>	142	<ca.liang.PayRollArrayMockTest: void testAllEmployeesArePaidArrayInter()>/$stack5
<ca.liang.PayRollMultipleEmployeeTest: void init()>/ca.liang.EmployeeDB.getAllEmployees/0	<ca.liang.EmployeeDB: java.util.List getAllEmployees()>	<ca.liang.PayRollMultipleEmployeeTest: void init()>	43	<ca.liang.PayRollMultipleEmployeeTest: void init()>/$stack14
<ca.liang.PayRollMultipleEmployeeTest: void testAllEmployeesArePaid1()>/ca.liang.Employee.getBankId/0	<ca.liang.Employee: java.lang.String getBankId()>	<ca.liang.PayRollMultipleEmployeeTest: void testAllEmployeesArePaid1()>	62	<ca.liang.PayRollMultipleEmployeeTest: void testAllEmployeesArePaid1()>/$stack16
<ca.liang.PayRollMultipleEmployeeTest: void testAllEmployeesArePaid1()>/ca.liang.Employee.getBankId/1	<ca.liang.Employee: java.lang.String getBankId()>	<ca.liang.PayRollMultipleEmployeeTest: void testAllEmployeesArePaid1()>	63	<ca.liang.PayRollMultipleEmployeeTest: void testAllEmployeesArePaid1()>/$stack22
<ca.liang.PayRollMultipleEmployeeTest: void testAllEmployeesArePaid1()>/ca.liang.Employee.getSalary/0	<ca.liang.Employee: int getSalary()>	<ca.liang.PayRollMultipleEmployeeTest: void testAllEmployeesArePaid1()>	64	<ca.liang.PayRollMultipleEmployeeTest: void testAllEmployeesArePaid1()>/$stack28
<ca.liang.PayRollMultipleEmployeeTest: void testAllEmployeesArePaid1()>/ca.liang.Employee.getSalary/1	<ca.liang.Employee: int getSalary()>	<ca.liang.PayRollMultipleEmployeeTest: void testAllEmployeesArePaid1()>	65	<ca.liang.PayRollMultipleEmployeeTest: void testAllEmployeesArePaid1()>/$stack38
<ca.liang.PayRollMultipleEmployeeTest: void testAllEmployeesArePaid2()>/ca.liang.EmployeeDB.getAllEmployees/0	<ca.liang.EmployeeDB: java.util.List getAllEmployees()>	<ca.liang.PayRollMultipleEmployeeTest: void testAllEmployeesArePaid2()>	82	<ca.liang.PayRollMultipleEmployeeTest: void testAllEmployeesArePaid2()>/$stack11
<ca.liang.PayRollMultipleEmployeeTest: void testAllEmployeesArePaid2()>/ca.liang.Employee.getBankId/0	<ca.liang.Employee: java.lang.String getBankId()>	<ca.liang.PayRollMultipleEmployeeTest: void testAllEmployeesArePaid2()>	95	<ca.liang.PayRollMultipleEmployeeTest: void testAllEmployeesArePaid2()>/$stack32
<ca.liang.PayRollMultipleEmployeeTest: void testAllEmployeesArePaid2()>/ca.liang.Employee.getBankId/1	<ca.liang.Employee: java.lang.String getBankId()>	<ca.liang.PayRollMultipleEmployeeTest: void testAllEmployeesArePaid2()>	96	<ca.liang.PayRollMultipleEmployeeTest: void testAllEmployeesArePaid2()>/$stack38
<ca.liang.PayRollMultipleEmployeeTest: void testAllEmployeesArePaid2()>/ca.liang.Employee.getSalary/0	<ca.liang.Employee: int getSalary()>	<ca.liang.PayRollMultipleEmployeeTest: void testAllEmployeesArePaid2()>	97	<ca.liang.PayRollMultipleEmployeeTest: void testAllEmployeesArePaid2()>/$stack44
<ca.liang.PayRollMultipleEmployeeTest: void testAllEmployeesArePaid2()>/ca.liang.Employee.getSalary/1	<ca.liang.Employee: int getSalary()>	<ca.liang.PayRollMultipleEmployeeTest: void testAllEmployeesArePaid2()>	98	<ca.liang.PayRollMultipleEmployeeTest: void testAllEmployeesArePaid2()>/$stack54
<ca.liang.PayRollAnnotationMockTest: void init()>/ca.liang.EmployeeDB.getAllEmployees/0	<ca.liang.EmployeeDB: java.util.List getAllEmployees()>	<ca.liang.PayRollAnnotationMockTest: void init()>	41	<ca.liang.PayRollAnnotationMockTest: void init()>/$stack5
<ca.liang.PayRollMockMarginalCollectionsTest: void init()>/ca.liang.Employee.getName/0	<ca.liang.Employee: java.lang.String getName()>	<ca.liang.PayRollMockMarginalCollectionsTest: void init()>	59	<ca.liang.PayRollMockMarginalCollectionsTest: void init()>/e#_57
<ca.liang.PayRollMockMarginalCollectionsTest: void init()>/ca.liang.Employee.getSalary/0	<ca.liang.Employee: int getSalary()>	<ca.liang.PayRollMockMarginalCollectionsTest: void init()>	61	<ca.liang.PayRollMockMarginalCollectionsTest: void init()>/e#_57
<ca.liang.PayRollMockMarginalCollectionsTest: void init()>/ca.liang.Employee.getName/1	<ca.liang.Employee: java.lang.String getName()>	<ca.liang.PayRollMockMarginalCollectionsTest: void init()>	83	<ca.liang.PayRollMockMarginalCollectionsTest: void init()>/e#_57
<ca.liang.PayRollMockMarginalCollectionsTest: void init()>/ca.liang.Employee.getName/2	<ca.liang.Employee: java.lang.String getName()>	<ca.liang.PayRollMockMarginalCollectionsTest: void init()>	84	<ca.liang.PayRollMockMarginalCollectionsTest: void init()>/e#_57
<ca.liang.PayRollMockMarginalCollectionsTest: void init()>/ca.liang.Employee.getName/3	<ca.liang.Employee: java.lang.String getName()>	<ca.liang.PayRollMockMarginalCollectionsTest: void init()>	85	<ca.liang.PayRollMockMarginalCollectionsTest: void init()>/e#_57
<ca.liang.PayRollMockMarginalCollectionsTest: void init()>/ca.liang.Employee.getName/4	<ca.liang.Employee: java.lang.String getName()>	<ca.liang.PayRollMockMarginalCollectionsTest: void init()>	86	<ca.liang.PayRollMockMarginalCollectionsTest: void init()>/e#_57
<ca.liang.PayRollMockMarginalCollectionsTest: void init()>/ca.liang.Employee.getName/5	<ca.liang.Employee: java.lang.String getName()>	<ca.liang.PayRollMockMarginalCollectionsTest: void init()>	87	<ca.liang.PayRollMockMarginalCollectionsTest: void init()>/e#_57
<ca.liang.PayRollMockMarginalCollectionsTest: void init()>/ca.liang.Employee.getName/6	<ca.liang.Employee: java.lang.String getName()>	<ca.liang.PayRollMockMarginalCollectionsTest: void init()>	92	<ca.liang.PayRollMockMarginalCollectionsTest: void init()>/ee#_90
<ca.liang.PayRollMockMarginalCollectionsTest: void init()>/ca.liang.Employee.getName/7	<ca.liang.Employee: java.lang.String getName()>	<ca.liang.PayRollMockMarginalCollectionsTest: void init()>	99	<ca.liang.PayRollMockMarginalCollectionsTest: void init()>/eee#_97
<ca.liang.PayRollMockMarginalCollectionsTest: void init()>/ca.liang.Employee.getName/8	<ca.liang.Employee: java.lang.String getName()>	<ca.liang.PayRollMockMarginalCollectionsTest: void init()>	106	<ca.liang.PayRollMockMarginalCollectionsTest: void init()>/ee3#_104
<ca.liang.PayRollMockMarginalCollectionsTest: void init()>/ca.liang.Employee.getName/9	<ca.liang.Employee: java.lang.String getName()>	<ca.liang.PayRollMockMarginalCollectionsTest: void init()>	113	<ca.liang.PayRollMockMarginalCollectionsTest: void init()>/ee4#_111
<ca.liang.PayRollMockMarginalCollectionsTest: void test0()>/ca.liang.Employee.getName/0	<ca.liang.Employee: java.lang.String getName()>	<ca.liang.PayRollMockMarginalCollectionsTest: void test0()>	125	<ca.liang.PayRollMockMarginalCollectionsTest: void test0()>/e#_123
<ca.liang.PayRollMockMarginalCollectionsTest: void test1()>/ca.liang.Employee.getName/0	<ca.liang.Employee: java.lang.String getName()>	<ca.liang.PayRollMockMarginalCollectionsTest: void test1()>	133	<ca.liang.PayRollMockMarginalCollectionsTest: void test1()>/e#_131
<ca.liang.PayRollMockMarginalCollectionsTest: void test2()>/ca.liang.Employee.getName/0	<ca.liang.Employee: java.lang.String getName()>	<ca.liang.PayRollMockMarginalCollectionsTest: void test2()>	141	<ca.liang.PayRollMockMarginalCollectionsTest: void test2()>/e#_139
<ca.liang.PayRollMockMarginalCollectionsTest: void test3()>/ca.liang.Employee.getName/0	<ca.liang.Employee: java.lang.String getName()>	<ca.liang.PayRollMockMarginalCollectionsTest: void test3()>	149	<ca.liang.PayRollMockMarginalCollectionsTest: void test3()>/e#_147
<ca.liang.PayRollMockMarginalCollectionsTest: void test4()>/ca.liang.Employee.getName/0	<ca.liang.Employee: java.lang.String getName()>	<ca.liang.PayRollMockMarginalCollectionsTest: void test4()>	157	<ca.liang.PayRollMockMarginalCollectionsTest: void test4()>/e#_155
<ca.liang.PayRollMockMarginalCollectionsTest: void test5()>/ca.liang.Employee.getName/0	<ca.liang.Employee: java.lang.String getName()>	<ca.liang.PayRollMockMarginalCollectionsTest: void test5()>	165	<ca.liang.PayRollMockMarginalCollectionsTest: void test5()>/e#_163
<ca.liang.PayRollMockMarginalCollectionsTest: void test6()>/ca.liang.Employee.getName/0	<ca.liang.Employee: java.lang.String getName()>	<ca.liang.PayRollMockMarginalCollectionsTest: void test6()>	173	<ca.liang.PayRollMockMarginalCollectionsTest: void test6()>/e#_171
<ca.liang.PayRollMockMarginalCollectionsTest: void testPQ1()>/ca.liang.Employee.getName/0	<ca.liang.Employee: java.lang.String getName()>	<ca.liang.PayRollMockMarginalCollectionsTest: void testPQ1()>	181	<ca.liang.PayRollMockMarginalCollectionsTest: void testPQ1()>/e#_179
<ca.liang.PayRollMockMarginalCollectionsTest: void testPQ2()>/ca.liang.Employee.getName/0	<ca.liang.Employee: java.lang.String getName()>	<ca.liang.PayRollMockMarginalCollectionsTest: void testPQ2()>	189	<ca.liang.PayRollMockMarginalCollectionsTest: void testPQ2()>/e#_187
<ca.liang.PayRollMockMarginalCollectionsTest: void testPQ3()>/ca.liang.Employee.getName/0	<ca.liang.Employee: java.lang.String getName()>	<ca.liang.PayRollMockMarginalCollectionsTest: void testPQ3()>	197	<ca.liang.PayRollMockMarginalCollectionsTest: void testPQ3()>/e#_195
<ca.liang.PayRollMockMarginalCollectionsTest: void testPQ4()>/ca.liang.Employee.getName/0	<ca.liang.Employee: java.lang.String getName()>	<ca.liang.PayRollMockMarginalCollectionsTest: void testPQ4()>	205	<ca.liang.PayRollMockMarginalCollectionsTest: void testPQ4()>/e#_203
<ca.liang.PayRollMockMarginalCollectionsTest: void testTS()>/ca.liang.Employee.getName/0	<ca.liang.Employee: java.lang.String getName()>	<ca.liang.PayRollMockMarginalCollectionsTest: void testTS()>	213	<ca.liang.PayRollMockMarginalCollectionsTest: void testTS()>/e#_211
<ca.liang.PayRollMockMarginalCollectionsTest: void testTS1()>/ca.liang.Employee.getName/0	<ca.liang.Employee: java.lang.String getName()>	<ca.liang.PayRollMockMarginalCollectionsTest: void testTS1()>	221	<ca.liang.PayRollMockMarginalCollectionsTest: void testTS1()>/e#_219
<ca.liang.PayRollMockMarginalCollectionsTest: void testDQ()>/ca.liang.Employee.getName/0	<ca.liang.Employee: java.lang.String getName()>	<ca.liang.PayRollMockMarginalCollectionsTest: void testDQ()>	229	<ca.liang.PayRollMockMarginalCollectionsTest: void testDQ()>/e2#_227
<ca.liang.PayRollMockMarginalCollectionsTest: void testDQ()>/ca.liang.Employee.getName/1	<ca.liang.Employee: java.lang.String getName()>	<ca.liang.PayRollMockMarginalCollectionsTest: void testDQ()>	233	<ca.liang.PayRollMockMarginalCollectionsTest: void testDQ()>/e3#_231
<ca.liang.PayRollMockMarginalCollectionsTest: void testDQ()>/ca.liang.Employee.getName/2	<ca.liang.Employee: java.lang.String getName()>	<ca.liang.PayRollMockMarginalCollectionsTest: void testDQ()>	237	<ca.liang.PayRollMockMarginalCollectionsTest: void testDQ()>/e4#_235
<ca.liang.PayRollMockMarginalCollectionsTest: void testDQ()>/ca.liang.Employee.getName/3	<ca.liang.Employee: java.lang.String getName()>	<ca.liang.PayRollMockMarginalCollectionsTest: void testDQ()>	241	<ca.liang.PayRollMockMarginalCollectionsTest: void testDQ()>/e5#_239
<ca.liang.PayRollMockMarginalCollectionsTest: void testDQ()>/ca.liang.Employee.getName/4	<ca.liang.Employee: java.lang.String getName()>	<ca.liang.PayRollMockMarginalCollectionsTest: void testDQ()>	245	<ca.liang.PayRollMockMarginalCollectionsTest: void testDQ()>/ee3#_243
<ca.liang.PayRollMockMarginalCollectionsTest: void testDQ()>/ca.liang.Employee.getName/5	<ca.liang.Employee: java.lang.String getName()>	<ca.liang.PayRollMockMarginalCollectionsTest: void testDQ()>	249	<ca.liang.PayRollMockMarginalCollectionsTest: void testDQ()>/e#_247
<ca.liang.PayRollMockMarginalCollectionsTest: void testDQ()>/ca.liang.Employee.getName/6	<ca.liang.Employee: java.lang.String getName()>	<ca.liang.PayRollMockMarginalCollectionsTest: void testDQ()>	253	<ca.liang.PayRollMockMarginalCollectionsTest: void testDQ()>/e1#_251
<ca.liang.PayRollMockMarginalCollectionsTest: void testDQ()>/ca.liang.Employee.getName/7	<ca.liang.Employee: java.lang.String getName()>	<ca.liang.PayRollMockMarginalCollectionsTest: void testDQ()>	257	<ca.liang.PayRollMockMarginalCollectionsTest: void testDQ()>/ee4#_255
<ca.liang.PayRollMockMarginalCollectionsTest: void testDQ()>/ca.liang.Employee.getName/8	<ca.liang.Employee: java.lang.String getName()>	<ca.liang.PayRollMockMarginalCollectionsTest: void testDQ()>	261	<ca.liang.PayRollMockMarginalCollectionsTest: void testDQ()>/ee5#_259
<ca.liang.PayRollMockMarginalCollectionsTest: void testDescendingSet()>/ca.liang.Employee.getName/0	<ca.liang.Employee: java.lang.String getName()>	<ca.liang.PayRollMockMarginalCollectionsTest: void testDescendingSet()>	271	<ca.liang.PayRollMockMarginalCollectionsTest: void testDescendingSet()>/e#_269
<ca.liang.PayRollMockMarginalCollectionsTest: void testFloorCeiling()>/ca.liang.Employee.getSalary/0	<ca.liang.Employee: int getSalary()>	<ca.liang.PayRollMockMarginalCollectionsTest: void testFloorCeiling()>	284	<ca.liang.PayRollMockMarginalCollectionsTest: void testFloorCeiling()>/em#_282
<ca.liang.PayRollMockMarginalCollectionsTest: void testFloorCeiling()>/ca.liang.Employee.getName/0	<ca.liang.Employee: java.lang.String getName()>	<ca.liang.PayRollMockMarginalCollectionsTest: void testFloorCeiling()>	285	<ca.liang.PayRollMockMarginalCollectionsTest: void testFloorCeiling()>/em#_282
<ca.liang.PayRollMockMarginalCollectionsTest: void testFloorCeiling()>/ca.liang.Employee.getName/1	<ca.liang.Employee: java.lang.String getName()>	<ca.liang.PayRollMockMarginalCollectionsTest: void testFloorCeiling()>	291	<ca.liang.PayRollMockMarginalCollectionsTest: void testFloorCeiling()>/e2#_289
<ca.liang.PayRollMockMarginalCollectionsTest: void testFloorCeiling()>/ca.liang.Employee.getName/2	<ca.liang.Employee: java.lang.String getName()>	<ca.liang.PayRollMockMarginalCollectionsTest: void testFloorCeiling()>	295	<ca.liang.PayRollMockMarginalCollectionsTest: void testFloorCeiling()>/e2#_289
<ca.liang.PayRollMockMarginalCollectionsTest: void testHigherLower()>/ca.liang.Employee.getSalary/0	<ca.liang.Employee: int getSalary()>	<ca.liang.PayRollMockMarginalCollectionsTest: void testHigherLower()>	308	<ca.liang.PayRollMockMarginalCollectionsTest: void testHigherLower()>/em#_306
<ca.liang.PayRollMockMarginalCollectionsTest: void testHigherLower()>/ca.liang.Employee.getName/0	<ca.liang.Employee: java.lang.String getName()>	<ca.liang.PayRollMockMarginalCollectionsTest: void testHigherLower()>	309	<ca.liang.PayRollMockMarginalCollectionsTest: void testHigherLower()>/em#_306
<ca.liang.PayRollMockMarginalCollectionsTest: void testHigherLower()>/ca.liang.Employee.getName/1	<ca.liang.Employee: java.lang.String getName()>	<ca.liang.PayRollMockMarginalCollectionsTest: void testHigherLower()>	314	<ca.liang.PayRollMockMarginalCollectionsTest: void testHigherLower()>/e2#_312
<ca.liang.PayRollMockMarginalCollectionsTest: void testHigherLower()>/ca.liang.Employee.getName/2	<ca.liang.Employee: java.lang.String getName()>	<ca.liang.PayRollMockMarginalCollectionsTest: void testHigherLower()>	318	<ca.liang.PayRollMockMarginalCollectionsTest: void testHigherLower()>/e2#_312
<ca.liang.PayRollMockMarginalCollectionsTest: void testHeadSet()>/ca.liang.Employee.getSalary/0	<ca.liang.Employee: int getSalary()>	<ca.liang.PayRollMockMarginalCollectionsTest: void testHeadSet()>	331	<ca.liang.PayRollMockMarginalCollectionsTest: void testHeadSet()>/em#_329
<ca.liang.PayRollMockMarginalCollectionsTest: void testHeadSet()>/ca.liang.Employee.getName/0	<ca.liang.Employee: java.lang.String getName()>	<ca.liang.PayRollMockMarginalCollectionsTest: void testHeadSet()>	332	<ca.liang.PayRollMockMarginalCollectionsTest: void testHeadSet()>/em#_329
<ca.liang.PayRollMockMarginalCollectionsTest: void testHeadSet()>/ca.liang.Employee.getName/1	<ca.liang.Employee: java.lang.String getName()>	<ca.liang.PayRollMockMarginalCollectionsTest: void testHeadSet()>	338	<ca.liang.PayRollMockMarginalCollectionsTest: void testHeadSet()>/$stack23
<ca.liang.PayRollMockMarginalCollectionsTest: void testHeadSet()>/ca.liang.Employee.getName/2	<ca.liang.Employee: java.lang.String getName()>	<ca.liang.PayRollMockMarginalCollectionsTest: void testHeadSet()>	342	<ca.liang.PayRollMockMarginalCollectionsTest: void testHeadSet()>/$stack27
<ca.liang.PayRollMockMarginalCollectionsTest: void testTailSet()>/ca.liang.Employee.getSalary/0	<ca.liang.Employee: int getSalary()>	<ca.liang.PayRollMockMarginalCollectionsTest: void testTailSet()>	355	<ca.liang.PayRollMockMarginalCollectionsTest: void testTailSet()>/em#_353
<ca.liang.PayRollMockMarginalCollectionsTest: void testTailSet()>/ca.liang.Employee.getName/0	<ca.liang.Employee: java.lang.String getName()>	<ca.liang.PayRollMockMarginalCollectionsTest: void testTailSet()>	356	<ca.liang.PayRollMockMarginalCollectionsTest: void testTailSet()>/em#_353
<ca.liang.PayRollMockMarginalCollectionsTest: void testTailSet()>/ca.liang.Employee.getName/1	<ca.liang.Employee: java.lang.String getName()>	<ca.liang.PayRollMockMarginalCollectionsTest: void testTailSet()>	362	<ca.liang.PayRollMockMarginalCollectionsTest: void testTailSet()>/$stack23
<ca.liang.PayRollMockMarginalCollectionsTest: void testTailSet()>/ca.liang.Employee.getName/2	<ca.liang.Employee: java.lang.String getName()>	<ca.liang.PayRollMockMarginalCollectionsTest: void testTailSet()>	366	<ca.liang.PayRollMockMarginalCollectionsTest: void testTailSet()>/$stack27
<ca.liang.PayRollMockMarginalCollectionsTest: void testSubSet()>/ca.liang.Employee.getSalary/0	<ca.liang.Employee: int getSalary()>	<ca.liang.PayRollMockMarginalCollectionsTest: void testSubSet()>	379	<ca.liang.PayRollMockMarginalCollectionsTest: void testSubSet()>/em#_377
<ca.liang.PayRollMockMarginalCollectionsTest: void testSubSet()>/ca.liang.Employee.getName/0	<ca.liang.Employee: java.lang.String getName()>	<ca.liang.PayRollMockMarginalCollectionsTest: void testSubSet()>	380	<ca.liang.PayRollMockMarginalCollectionsTest: void testSubSet()>/em#_377
<ca.liang.PayRollMultipleEmployee2Test: void init()>/ca.liang.EmployeeDB.getAllEmployees/0	<ca.liang.EmployeeDB: java.util.List getAllEmployees()>	<ca.liang.PayRollMultipleEmployee2Test: void init()>	42	<ca.liang.PayRollMultipleEmployee2Test: void init()>/$stack14
<ca.liang.PayRollMultipleEmployee2Test: void testAllEmployeesArePaid()>/ca.liang.Employee.getBankId/0	<ca.liang.Employee: java.lang.String getBankId()>	<ca.liang.PayRollMultipleEmployee2Test: void testAllEmployeesArePaid()>	60	<ca.liang.PayRollMultipleEmployee2Test: void testAllEmployeesArePaid()>/$stack16
<ca.liang.PayRollMultipleEmployee2Test: void testAllEmployeesArePaid()>/ca.liang.Employee.getBankId/1	<ca.liang.Employee: java.lang.String getBankId()>	<ca.liang.PayRollMultipleEmployee2Test: void testAllEmployeesArePaid()>	61	<ca.liang.PayRollMultipleEmployee2Test: void testAllEmployeesArePaid()>/$stack22
<ca.liang.PayRollMultipleEmployee2Test: void testAllEmployeesArePaid()>/ca.liang.Employee.getSalary/0	<ca.liang.Employee: int getSalary()>	<ca.liang.PayRollMultipleEmployee2Test: void testAllEmployeesArePaid()>	62	<ca.liang.PayRollMultipleEmployee2Test: void testAllEmployeesArePaid()>/$stack28
<ca.liang.PayRollMultipleEmployee2Test: void testAllEmployeesArePaid()>/ca.liang.Employee.getSalary/1	<ca.liang.Employee: int getSalary()>	<ca.liang.PayRollMultipleEmployee2Test: void testAllEmployeesArePaid()>	63	<ca.liang.PayRollMultipleEmployee2Test: void testAllEmployeesArePaid()>/$stack38
<ca.liang.DirtyTest: void init()>/ca.liang.EmployeeDB.getAllEmployees/0	<ca.liang.EmployeeDB: java.util.List getAllEmployees()>	<ca.liang.DirtyTest: void init()>	31	<ca.liang.DirtyTest: void init()>/$stack6
<ca.liang.PayRollArrayNoMockTest: void init()>/ca.liang.EmployeeDB.getAllEmployees/0	<ca.liang.EmployeeDB: java.util.List getAllEmployees()>	<ca.liang.PayRollArrayNoMockTest: void init()>	31	<ca.liang.PayRollArrayNoMockTest: void init()>/$stack6
<ca.liang.PayRollMockTest: void init()>/ca.liang.EmployeeDB.getAllEmployees/0	<ca.liang.EmployeeDB: java.util.List getAllEmployees()>	<ca.liang.PayRollMockTest: void init()>	39	<ca.liang.PayRollMockTest: void init()>/$stack6
<ca.liang.PayRollMockTest: void testNoEmployeesIntra()>/ca.liang.EmployeeDB.getAllEmployees/0	<ca.liang.EmployeeDB: java.util.List getAllEmployees()>	<ca.liang.PayRollMockTest: void testNoEmployeesIntra()>	74	<ca.liang.PayRollMockTest: void testNoEmployeesIntra()>/employeeDB_intra#_70
<ca.liang.PayRollMockTest: void testAddAll()>/ca.liang.Employee.getName/0	<ca.liang.Employee: java.lang.String getName()>	<ca.liang.PayRollMockTest: void testAddAll()>	92	<ca.liang.PayRollMockTest: void testAddAll()>/e#_90
<ca.liang.PayRollMockTest: void testAddAll()>/ca.liang.Employee.getName/1	<ca.liang.Employee: java.lang.String getName()>	<ca.liang.PayRollMockTest: void testAddAll()>	94	<ca.liang.PayRollMockTest: void testAddAll()>/e#_90
<ca.liang.PayRollMockTest: void testAddAll()>/ca.liang.Employee.getName/2	<ca.liang.Employee: java.lang.String getName()>	<ca.liang.PayRollMockTest: void testAddAll()>	101	<ca.liang.PayRollMockTest: void testAddAll()>/e1#_99
<ca.liang.PayRollMockTest: void testAddAll()>/ca.liang.Employee.getName/3	<ca.liang.Employee: java.lang.String getName()>	<ca.liang.PayRollMockTest: void testAddAll()>	105	<ca.liang.PayRollMockTest: void testAddAll()>/e2#_103
<ca.liang.PayRollMockTest: void testIteration()>/ca.liang.Employee.getName/0	<ca.liang.Employee: java.lang.String getName()>	<ca.liang.PayRollMockTest: void testIteration()>	116	<ca.liang.PayRollMockTest: void testIteration()>/e#_114
<ca.liang.PayRollMockTest: void testIteration()>/ca.liang.Employee.getName/1	<ca.liang.Employee: java.lang.String getName()>	<ca.liang.PayRollMockTest: void testIteration()>	118	<ca.liang.PayRollMockTest: void testIteration()>/e#_114
<ca.liang.PayRollMockTest: void testIteration()>/ca.liang.Employee.getName/2	<ca.liang.Employee: java.lang.String getName()>	<ca.liang.PayRollMockTest: void testIteration()>	124	<ca.liang.PayRollMockTest: void testIteration()>/ee_$$A_1_$$A_1#_122
<ca.liang.PayRollMockTest: void testIteration()>/ca.liang.Employee.getName/3	<ca.liang.Employee: java.lang.String getName()>	<ca.liang.PayRollMockTest: void testIteration()>	130	<ca.liang.PayRollMockTest: void testIteration()>/ee_$$A_3#_128
<ca.liang.PayRollMockTest: void testIteration()>/ca.liang.Employee.getName/4	<ca.liang.Employee: java.lang.String getName()>	<ca.liang.PayRollMockTest: void testIteration()>	138	<ca.liang.PayRollMockTest: void testIteration()>/ee_$$A_5#_136
<ca.liang.PayRollMockTest: void testVector()>/ca.liang.Employee.getName/0	<ca.liang.Employee: java.lang.String getName()>	<ca.liang.PayRollMockTest: void testVector()>	148	<ca.liang.PayRollMockTest: void testVector()>/e0#_146
<ca.liang.PayRollMockTest: void testVector()>/ca.liang.Employee.getName/1	<ca.liang.Employee: java.lang.String getName()>	<ca.liang.PayRollMockTest: void testVector()>	150	<ca.liang.PayRollMockTest: void testVector()>/e0#_146
<ca.liang.PayRollMockTest: void testVector()>/ca.liang.Employee.getName/2	<ca.liang.Employee: java.lang.String getName()>	<ca.liang.PayRollMockTest: void testVector()>	155	<ca.liang.PayRollMockTest: void testVector()>/ee#_153
<ca.liang.PayRollMockTest: void testVector2()>/ca.liang.Employee.getName/0	<ca.liang.Employee: java.lang.String getName()>	<ca.liang.PayRollMockTest: void testVector2()>	164	<ca.liang.PayRollMockTest: void testVector2()>/e#_162
<ca.liang.PayRollMockTest: void testVector2()>/ca.liang.Employee.getName/1	<ca.liang.Employee: java.lang.String getName()>	<ca.liang.PayRollMockTest: void testVector2()>	175	<ca.liang.PayRollMockTest: void testVector2()>/ee_$$A_1#_173
<ca.liang.PayRollMockTest: void testVector2()>/ca.liang.Employee.getName/2	<ca.liang.Employee: java.lang.String getName()>	<ca.liang.PayRollMockTest: void testVector2()>	179	<ca.liang.PayRollMockTest: void testVector2()>/ee_$$A_2#_177
<ca.liang.PayRollMockTest: void testVector2()>/ca.liang.Employee.getName/3	<ca.liang.Employee: java.lang.String getName()>	<ca.liang.PayRollMockTest: void testVector2()>	182	<ca.liang.PayRollMockTest: void testVector2()>/ef#_180
<ca.liang.PayRollMockTest: void testVector2()>/ca.liang.Employee.getName/4	<ca.liang.Employee: java.lang.String getName()>	<ca.liang.PayRollMockTest: void testVector2()>	185	<ca.liang.PayRollMockTest: void testVector2()>/eg#_183
<ca.liang.PayRollMockTest: void testVectorToArray()>/ca.liang.Employee.getName/0	<ca.liang.Employee: java.lang.String getName()>	<ca.liang.PayRollMockTest: void testVectorToArray()>	193	<ca.liang.PayRollMockTest: void testVectorToArray()>/e#_191
<ca.liang.PayRollMockTest: void testVectorToArray()>/ca.liang.Employee.getName/1	<ca.liang.Employee: java.lang.String getName()>	<ca.liang.PayRollMockTest: void testVectorToArray()>	201	<ca.liang.PayRollMockTest: void testVectorToArray()>/ef#_199
<ca.liang.PayRollMockTest: void testVectorToArray()>/ca.liang.Employee.getName/2	<ca.liang.Employee: java.lang.String getName()>	<ca.liang.PayRollMockTest: void testVectorToArray()>	206	<ca.liang.PayRollMockTest: void testVectorToArray()>/eg#_204
<ca.liang.PayRollMockTest: void testArrayToVector()>/ca.liang.Employee.getName/0	<ca.liang.Employee: java.lang.String getName()>	<ca.liang.PayRollMockTest: void testArrayToVector()>	214	<ca.liang.PayRollMockTest: void testArrayToVector()>/e#_212
<ca.liang.PayRollMockTest: void testArrayToVector()>/ca.liang.Employee.getName/1	<ca.liang.Employee: java.lang.String getName()>	<ca.liang.PayRollMockTest: void testArrayToVector()>	224	<ca.liang.PayRollMockTest: void testArrayToVector()>/ef#_222
<ca.liang.PayRollMockTest: ca.liang.Employee createMockEmployee()>/ca.liang.Employee.getName/0	<ca.liang.Employee: java.lang.String getName()>	<ca.liang.PayRollMockTest: ca.liang.Employee createMockEmployee()>	323	<ca.liang.PayRollMockTest: ca.liang.Employee createMockEmployee()>/e#_322
<ca.liang.PayRollMockTest: ca.liang.Employee createMockEmployee()>/ca.liang.Employee.getBankId/0	<ca.liang.Employee: java.lang.String getBankId()>	<ca.liang.PayRollMockTest: ca.liang.Employee createMockEmployee()>	324	<ca.liang.PayRollMockTest: ca.liang.Employee createMockEmployee()>/e#_322
<ca.liang.PayRollMockTest: ca.liang.Employee createMockEmployee()>/ca.liang.Employee.getSalary/0	<ca.liang.Employee: int getSalary()>	<ca.liang.PayRollMockTest: ca.liang.Employee createMockEmployee()>	325	<ca.liang.PayRollMockTest: ca.liang.Employee createMockEmployee()>/e#_322
<ca.liang.PayRollMockMarginalCollectionsTest: void testSubSet()>/ca.liang.Employee.getName/1	<ca.liang.Employee: java.lang.String getName()>	<ca.liang.PayRollMockMarginalCollectionsTest: void testSubSet()>	387	<ca.liang.PayRollMockMarginalCollectionsTest: void testSubSet()>/$stack24
<ca.liang.PayRollMockMarginalCollectionsTest: void testSubSet()>/ca.liang.Employee.getName/2	<ca.liang.Employee: java.lang.String getName()>	<ca.liang.PayRollMockMarginalCollectionsTest: void testSubSet()>	391	<ca.liang.PayRollMockMarginalCollectionsTest: void testSubSet()>/$stack28
<ca.liang.PayRollMockTest: void testInteractionOrder()>/ca.liang.EmployeeDB.getAllEmployees/0	<ca.liang.EmployeeDB: java.util.List getAllEmployees()>	<ca.liang.PayRollMockTest: void testInteractionOrder()>	304	<ca.liang.PayRollMockTest: void testInteractionOrder()>/$stack13
